title,google_news_link,reason
BKSDA Bali Lepasliarkan 1 Ekor Trenggiling di Hutan Pura Besi Kalung Tabanan - RRI.co.id,https://news.google.com/rss/articles/CBMivAFBVV95cUxNWHA1Vi11eUMxVGtiakplS3BGOHNPRTNocm1VWUJYMHlmanE0cTNIVEUzY3FqbUFEMC1iM2xaczJWS0ZNczVncC1Gdk9nNmpxdWhkdjN2WU1kUzdrQ2NuR0ZFd21mdWtRZEQxZDNQVExBWmstdlBuWHc1T2dOZG5vVENQbEJGbUQzOHhydzR0emZXODJVY0x4VHlqMXRhSDc5V3pORFNXMmJXYWpvTktGMmRGWW1DQ0RwbVNvQw?oc=5,Empty body content
"Purnama Sasih Jiyestha, Bupati Tabanan Sembahyang Bersama - RRI.co.id",https://news.google.com/rss/articles/CBMioAFBVV95cUxNTjlybWxOT3Z0R3U2UnFXUEZOdDB6MG5qaXlXUjFNYmpKY29UQ1NtUEYyREFNQlJfV3RJdXpsVUNMVWZBeUQ1VkxvS1NyTGFQRTlWUjFidkl6V0NnMlFpM0dBOGtid1gtTlBlX1JucHFxYUZpTXBIT2FPM3U0SjhadjNZWlUyWW5BSm9udlBHQnByakxyOWxrT2c4LUlVMktX?oc=5,Empty body content
Tanah Djoko Susilo di Tabanan Dibeli Empat Tahun Lalu - Kompas.com,https://news.google.com/rss/articles/CBMiqgFBVV95cUxOckpyM3N6RV81RzJLc3llcUlvTmJfSWhDeWFQU0w5UFJIcUJQSEVzQWp4bXhRNVJhV0daZmRZZ2YyZ2xYZEV3NVJ6T3N4ZUJFWkpPMUUxbmV5amNlakZScmpFLTVFdHB2Mm1vZGxJWVNRalo5SjIwN2RlbDFUQk9JOGxBWEdBWFJaVklXVS1FTUJKUzlYcnpKLUZmN1A3UXhpYUtYdW0zYkRkUQ?oc=5,Empty body content
Kodim Tabanan Perkuat Kemampuan Aparat Kewilayahan - RRI.co.id,https://news.google.com/rss/articles/CBMimgFBVV95cUxNbzRMenljdDcyM20zSGxOdlBNOG1JRWRqT1FvNlIyZkNyTkE3aHNfdWpEcHhPVE5UMW12OEVWUTQ0d1FUNWhZRzV6dGNyYXU5dGJhdXRiaGFjRTVFQVBET1JvZG5PZ05ma04zTVFldll6elN1QS1rdzQ3RmdJODhKY2EzYk1WeldQQWQ5RHhQN3h1Vm9sX29kQzBn?oc=5,Empty body content
WNA Jerman Tewas Terseret Ombak Saat Berenang di Pantai Petangahan Tabanan - Kompas.com,https://news.google.com/rss/articles/CBMixwFBVV95cUxNU1hLNmNsazJTTUh0NWxqRWNSWFdpcFF1emFpY1lZS3VFbTA1Sk9XSnltalFnOWpnS1U4X2hoR25KQzhmRVNWSGVONnhNSVJTYmRYS2pwZ0lYemh0cGVzdV82TmVPTkY5TEY1T1ZlZ0dZLWtjelE5OHNhMC1EeFkweXFDbDNCRExaMnM5dHlZRzRMRG1KNk1uZ1VhZXBmWHIwd0NzRVpLcnptYlgwNE4tTXBIaXJNVGFxM18zbUFHOTVtU094czNF?oc=5,Empty body content
BPBD Tabanan Imbau Warga Waspada Angin Kencang - RRI.co.id,https://rri.co.id/denpasar/regional/1293554/bpbd-tabanan-imbau-warga-waspada-angin-kencang,Empty body content
Kejari Tabanan Gandeng Kodim Tabanan Perkuat Supremasi Hukum - RRI.co.id,https://rri.co.id/denpasar/regional/2219878/kejari-tabanan-gandeng-kodim-tabanan-perkuat-supremasi-hukum,Empty body content
"Hari Kesaktian Pancasila, Kodim Tabanan Teguhkan Semangat Persatuan Kebangsaan - RRI.co.id",https://rri.co.id/denpasar/regional/2780599/hari-kesaktian-pancasila-kodim-tabanan-teguhkan-semangat-persatuan-kebangsaan,Empty body content
"Jalan Jebol di Tabanan, Arus Lalin Denpasar-Gilimanuk Dialihkan - RRI.co.id",https://rri.co.id/singaraja/regional/1679738/jalan-jebol-di-tabanan-arus-lalin-denpasar-gilimanuk-dialihkan,Empty body content
Kodim Tabanan Teguhkan Pengabdian Bersama Rakyat - RRI.co.id,https://rri.co.id/denpasar/regional/2788366/kodim-tabanan-teguhkan-pengabdian-bersama-rakyat,Empty body content
Babinsa Penarukan Kawal Perlindungan Hewan Peliharaan dengan Vaksinasi Rabies - RRI.co.id,https://rri.co.id/denpasar/regional/2791370/babinsa-penarukan-kawal-perlindungan-hewan-peliharaan-dengan-vaksinasi-rabies,Empty body content
Bupati Sanjaya Hadiri Acara Kenal Pamit Kapolres Tabanan - RRI.co.id,https://rri.co.id/denpasar/regional/1690802/bupati-sanjaya-hadiri-acara-kenal-pamit-kapolres-tabanan,Empty body content
Danramil Kerambitan Tanamkan Wawasan Kebangsaan kepada Calon Tenaga Kerja - RRI.co.id,https://rri.co.id/denpasar/regional/2791359/danramil-kerambitan-tanamkan-wawasan-kebangsaan-kepada-calon-tenaga-kerja,Empty body content
Babinsa dan Warga Desa Bersiap Bangun Jembatan Penghubung Antarbanjar - RRI.co.id,https://rri.co.id/denpasar/regional/2780634/babinsa-dan-warga-desa-bersiap-bangun-jembatan-penghubung-antarbanjar,Empty body content
Kesetaraan Layanan Jadi Kunci Pariwisata Inklusif Bali - RRI.co.id,https://rri.co.id/denpasar/regional/2790289/kesetaraan-layanan-jadi-kunci-pariwisata-inklusif-bali,Empty body content
Kapolda Bali Hadiri Puncak PeringatanHUT ke-81 TNI - RRI.co.id,https://rri.co.id/denpasar/regional/2787122/kapolda-bali-hadiri-puncak-peringatanhut-ke-81-tni,Empty body content
BKSDA Bali Survei Populasi Tokek Rumah di Klungkung dan Karangasem - RRI.co.id,https://rri.co.id/denpasar/regional/2784054/bksda-bali-survei-populasi-tokek-rumah-di-klungkung-dan-karangasem,Empty body content
"Pemberdayaan UKM Kreatif Lokal, Jimbaran Hub Gelar Weekend Market Terkurasi - RRI.co.id",https://rri.co.id/denpasar/regional/2788165/pemberdayaan-ukm-kreatif-lokal-jimbaran-hub-gelar-weekend-market-terkurasi,Empty body content
Klungkung Siap Jadi Percontohan Pengelolaan Sampah Nasional - RRI.co.id,https://rri.co.id/denpasar/regional/2786750/klungkung-siap-jadi-percontohan-pengelolaan-sampah-nasional,Empty body content
Polsek Tegallalang Beri Kejutan HUT ke-81 TNI di Koramil - RRI.co.id,https://rri.co.id/denpasar/regional/2788052/polsek-tegallalang-beri-kejutan-hut-ke-81-tni-di-koramil,Empty body content
Kodim Klungkung Gelar Upacara HUT ke-81 TNI - RRI.co.id,https://rri.co.id/denpasar/regional/2790263/kodim-klungkung-gelar-upacara-hut-ke-81-tni,Empty body content
"Lampaui Target Nasional, Inflasi Bali Capai 3,79 Persen pada September 2026 - RRI.co.id",https://rri.co.id/singaraja/regional/2786800/lampaui-target-nasional-inflasi-bali-capai-379-persen-pada-september-2026,Empty body content
"Penipuan Berkedok Aktivasi IKD Marak di Tabanan, Disdukcapil Tanggapi dengan Imbauan - Bisnis Bali",https://www.bisnisbali.com/2025/05/26/4562/penipuan-berkedok-aktivasi-ikd-marak-di-tabanan-disdukcapil-tanggapi-dengan-imbauan.html,Empty body content
"Target Retribusi Pasar Terlampaui, Pemkab Tabanan Kawal Efek Relokasi Pedagang - Bisnis Bali",https://www.bisnisbali.com/2026/07/08/24185/target-retribusi-pasar-terlampaui-pemkab-tabanan-kawal-efek-relokasi-pedagang.html,Empty body content
"Tabanan Perkuat Mitigasi, Ancaman Cuaca Ekstrem Kian Nyata - Bisnis Bali",https://www.bisnisbali.com/2026/04/24/20712/tabanan-perkuat-mitigasi-ancaman-cuaca-ekstrem-kian-nyata.html,Empty body content
Jajaran Pemkab Tabanan Gelar Prosesi Mendem Panca Datu - RRI.co.id,https://rri.co.id/denpasar/regional/496738/jajaran-pemkab-tabanan-gelar-prosesi-mendem-panca-datu,Empty body content
Entil Makanan Tradisional Khas Tabanan Bali yang Sarat Filosofi - RRI.co.id,https://rri.co.id/denpasar/kuliner/2540831/entil-makanan-tradisional-khas-tabanan-bali-yang-sarat-filosofi,Empty body content
