title,when_,where,who,what,why,how,source_agent_report,location_name,latitude,longitude,category,data_of_information,hashtags
Penuhi Stok PMI Tabanan Buka Layanan Donor Darah di Kantor Lama,2020-04-14T07:00:00.000Z,"Kabupaten Tabanan, Bali, Indonesia","Penuhi Stok, PMI Tabanan Buka Layanan Donor Darah di Kantor Lama - BALIPOST.com","Donor darah. (BP/ist)TABANAN, BALIPOST.com – Mewabahnya virus Corona atau Covid-19 tentunya berdampak pada ketersediaan darah di ruang penyimpanan Unit Donor Darah Palang Merah Indonesia (PMI) Tabanan.","Ini disebabkan banyak dibatalkannya kegiatan donor darah.Kendati demikian, Kepala UDD PMI Kabupaten Tabanan dr Nyoman Gede Sumardika, mengatakan untuk bisa memenuhi kebutuhan stok darah yang ada di PMI, pihaknya membuka layanan donor darah di markas lama PMI yang berlokasi di jalan Rama No.3A Tabanan atau di sebelah Taman Makam Pahlawan. Bagi masyarakat yang hendak mendonorkan darahnya bisa datang langsung ke temmpat tersebut dan akan diberikan 1 pcs hand sanitizer.Layanan donor darah di kantor markas lama ini dibuka mulai pukul 08.00 WITA sampai dengan pukul 13.30 WITA tiap harinya.","Pada Hari Selasa , 14 April 2020 07:00, Tabanan, Tabanan, Bali

Donor darah. (BP/ist)TABANAN, BALIPOST.com – Mewabahnya virus Corona atau Covid-19 tentunya berdampak pada ketersediaan darah di ruang penyimpanan Unit Donor Darah Palang Merah Indonesia (PMI) Tabanan. Ini disebabkan banyak dibatalkannya kegiatan donor darah.Kendati demikian, Kepala UDD PMI Kabupaten Tabanan dr Nyoman Gede Sumardika, mengatakan untuk bisa memenuhi kebutuhan stok darah yang ada di PMI, pihaknya membuka layanan donor darah di markas lama PMI yang berlokasi di jalan Rama No.3A Tabanan atau di sebelah Taman Makam Pahlawan. Bagi masyarakat yang hendak mendonorkan darahnya bisa datang langsung ke temmpat tersebut dan akan diberikan 1 pcs hand sanitizer.Layanan donor darah di kantor markas lama ini dibuka mulai pukul 08.00 WITA sampai dengan pukul 13.30 WITA tiap harinya. Selain jam layanan tersebut, kegiatan donor darah juga dilayani di BRSU Tabanan mulai pukul 14.00 WITA sampai 20.00 WITA atau hari libur. “PMI tetap melayani pelayanan darah. Kebutuhan darah tentu tidak bisa ditunda, pasien di rumah sakit yang membutuhkan transfusi tentu harus tetap menjadi perhatian. Dan ini merupakan salah satu upaya kami untuk mengajak masyrakat mendonorkan darahnya,” terangnya.Dan terkait layanan donor darah di kantor lama, lanjut kata dr. Sumardika akan dibuka selama pandemi dan sampai pengambilan donor ke tempat unit donor normal kembali. Pihaknya juga memastikan kegiatan mendonorkan darah tetap aman dilakukan.Masyarakat diimbau selalu menjaga kesehatan, menerapkan perilaku hidup bersih dan sehat, cuci tangan dengan sabun, menerapkan etika bersin dan batuk. “Untuk yang standby di kantor markas lama satu tim, tetapi kalau dibutuhkan lebih untuk di tempat lain, kita siapkan tim lain, maksimal kita punya 3 tim,” ucapnya.Stok darah mulai menipis sejak awal Maret 2020. Padahal permintaan sangat tinggi. Per hari saja permintaanya diangka 15-20 kantong.Data Selasa (14/4) untuk darah A hanya ada untuk jenis Whole Blood (WB) tersedia 5 kantong, jenis Pakced Red Cell (PRC) tersedia 1 kantong dan jenis thrombocyte Concencrate (TC) kosong . Dan darah B jenis darah WB tersedia 3 kantong, darah PRC tersedia 1 kantong dan darah TC kosong. Sementara darah O bisa dibilang sangat menipis.Untuk jenis WB hanya tersedia 5 kantong, jenis PRC tersedia 1 kantong dan jenis TC kosong juga kosong alias tidak ada stok. Dan darah AB jenis darah WB tersedia 15 kantong, untuk jenis PRC ada 6 kantong dan jenis TC juga 6 kantong.Ketersediaan stok darah ini biasanya diperuntukkan untuk seluruh rumah sakit di Tabanan baik swasta maupun negeri. Dimana sekitar 85 persen diperuntukkan untuk pasien di BRSU Tabanan. “Kita hanya bisa berharap wabah virus ini segera berlalu dan bisa beraktifitas normal kembali,” pungkasnya. (Puspawati/balipost)",BALIPOST.com,"Dajan Peken, 82114, Tabanan, Tabanan, Bali, Indonesia",-8.536609490935,115.13552944186335,5,"2, 7","kejaksaan, kejatibali, kejaritabanan, tabanan, news"
Hindus Throng Festival at Penataran Agung Temple of Ulundanu Beratan,2019-07-10T07:00:00.000Z,"Kabupaten Tabanan, Bali, Indonesia",Hindus Throng Festival at Penataran Agung Temple of Ulundanu Beratan - BALIPOST.com,"TABANAN, BALIPOST.com — Thousands of pilgrims from various regions thronged Penataran Agung Temple of Ulundanu Beratan, Baturiti, on Tuesday (Jul. 9) that coincided with Anggarakasih Julungwangi.","They came to say prayers in a series of Pujawali Ageng or grandiose ceremonies held at the local temple.Nevertheless, on days such as full moon, new moon and other major Hindu holidays, many Hindus also come to perform joint worship including the Melasti and Nyegara Gunung ceremonies. Regarding the pujawali ageng, Coordinator of Ulundanu Beratan Temple, I Putu Suma Artha, stated the series of pujawali ceremonies had been started since the beginning of the month or precisely on July 2, 2019 consisting of pengalah sasih and negtegan carried out by the supporting pilgrims of the Ulundanu Beratan Temple.","Pada Hari Rabu , 10 Juli 2019 07:00, Tabanan, Tabanan, Bali

TABANAN, BALIPOST.com — Thousands of pilgrims from various regions thronged Penataran Agung Temple of Ulundanu Beratan, Baturiti, on Tuesday (Jul. 9) that coincided with Anggarakasih Julungwangi. They came to say prayers in a series of Pujawali Ageng or grandiose ceremonies held at the local temple.Nevertheless, on days such as full moon, new moon and other major Hindu holidays, many Hindus also come to perform joint worship including the Melasti and Nyegara Gunung ceremonies. Regarding the pujawali ageng, Coordinator of Ulundanu Beratan Temple, I Putu Suma Artha, stated the series of pujawali ceremonies had been started since the beginning of the month or precisely on July 2, 2019 consisting of pengalah sasih and negtegan carried out by the supporting pilgrims of the Ulundanu Beratan Temple. Then, it was resumed on July 6 with the pakeling pujawali ceremony, mendak pekuluh and ngias. Meanwhile, the mecaru and mesucian ceremony were held on Monday or Soma Wage (Jul. 8), and then peak of the pujawali ageng was held on Anggarakasih Julungwangi or Tuesday (Jul. 9) commenced with the piodalan in the respective lawa. After holding the peak of piodalan, there were nganyarin ceremonies for three days and was closed on Sukra Pon or Friday (Jul. 12). “This piodalan is not only an obligation of the supporting pilgrims, but also has the objective to result in harmony as well as prosperity of life for the community or the entire Hindu fellows,” he said. He explained that Ulundanu Beratan Temple is supported by 800 families from 4 satakan villages or gebog satak, consisting of 15 customary villages and three chief of core customary villages and Marga Grand Place serves patron. Ulundanu Beratan Temple at Bedugul is also one of the most popular tourist attractions in Bali, located at Candi Kuning village, Baturiti, Tabanan. Aside from being a historical tourism, the pilgrims can take pleasure in natural attractions and lake water recreation activities. (Puspawati/balipost)",BALIPOST.com,"Dajan Peken, 82114, Tabanan, Tabanan, Bali, Indonesia",-8.536609490935,115.13552944186335,5,"2, 7","kejaksaan, kejatibali, kejaritabanan, tabanan, news"
Harga Bahan Pangan di Tabanan Mulai Melonjak,2024-04-18T07:00:00.000Z,"Kabupaten Tabanan, Bali, Indonesia",Harga Bahan Pangan di Tabanan Mulai Melonjak - BALIPOST.com,"Pembeli sedang berbelanja di pasar yang ada di Tabanan. (BP/dok)TABANAN, BALIPOST.com – Harga sebagian besar komoditas pangan di sejumlah pasar di Kabupaten Tabanan mulai melonjak.","Bahkan, beberapa komoditas mengalami peningkatan harga di atas 50 persen.Berdasarkan hasil monitoring Dinas Perindustrian dan Perdagangan (Disperindag) Tabanan di sejumlah pasar tradisional, pada minggu ketiga di bulan April, sebagian besar harga bahan pangan mengalami lonjakan. Harga sawi putih naik dari Rp12.000 menjadi Rp18.000 atau naik 50 persen.","Pada Hari Kamis , 18 April 2024 07:00, Tabanan, Tabanan, Bali

Pembeli sedang berbelanja di pasar yang ada di Tabanan. (BP/dok)TABANAN, BALIPOST.com – Harga sebagian besar komoditas pangan di sejumlah pasar di Kabupaten Tabanan mulai melonjak. Bahkan, beberapa komoditas mengalami peningkatan harga di atas 50 persen.Berdasarkan hasil monitoring Dinas Perindustrian dan Perdagangan (Disperindag) Tabanan di sejumlah pasar tradisional, pada minggu ketiga di bulan April, sebagian besar harga bahan pangan mengalami lonjakan. Harga sawi putih naik dari Rp12.000 menjadi Rp18.000 atau naik 50 persen. Sayur hijau naik dari Rp12.000 menjadi Rp20.000 atau naik 67 persen. Kemudian, harga kacang panjang naik dari Rp12.000 menjadi Rp20.000 atau naik 67 persen, dan tomat naik dari Rp28.000 menjadi Rp30.000 atau naik 7 persen.Pada komoditi bumbu-bumbuan, kenaikan terjadi pada bawang merah yang naik dari Rp28.000 per kg menjadi Rp45.000 per kg atau naik 61 persen. Bawang bombay naik dari Rp30.000 per kg menjadi Rp40.0000 per kg atau naik 33 persen, dan cabai keriting naik dari Rp45.000 per kg menjadi Rp50.000 per kg atau naik 11 persen.Kemudian, harga daging ayam ras naik dari Rp40.000 per kg menjadi Rp 42.000 per kg atau naik 5 persen. Minyak Kita dari Rp16.000 menjadi Rp17.000 per kg atau naik 6 persen, dan harga jeruk naik dari Rp16.000 menjadi Rp18.000 per kg atau 13 persen.Petani cabai di Banjar Bangah, Kecamatan Baturiti, Tabanan, Nyoman Sudiasa, Rabu (17/4), mengungkapkan, setelah libur panjang Lebaran, kenaikan harga cabai merah besar maupun cabai merah kecil di tingkat petani terus berlanjut. Terbaru, harga untuk cabai merah kecil sudah menyentuh Rp50.000 per kg, sedangkan untuk cabai merah besar naik ke posisi Rp30.000 per kg. “Kenaikan harga cabai di petani ini terjadi secara bertahap dan terbaru terjadi pada Sabtu lalu,” tuturnya.Prediksinya, lonjakan harga cabai ini dipicu akibat ketersediaan barang di pasaran yang belum kembali normal pascalibur panjang Lebaran. Pasokan dari petani lokal maupun luar Bali belum maksimal sehingga di tengah meningkatnya permintaan pasar membuat kenaikan harga cabai ini terus berlanjut hingga saat ini.“Kemungkinan kenaikan harga cabai ini masih akan terus berlanjut dalam seminggu ke depan. Sehingga itu tentu menguntungkan bagi petani karena bisa mengantongi hasil lebih banyak dari biasanya,” katanya. (kmb/balipost)",BALIPOST.com,"Dajan Peken, 82114, Tabanan, Tabanan, Bali, Indonesia",-8.536609490935,115.13552944186335,5,"2, 7","kejaksaan, kejatibali, kejaritabanan, tabanan, news"
Jangkauan Imunisasi DPT di Tabanan Sudah 100 Persen,2017-12-06T08:00:00.000Z,"Kabupaten Tabanan, Bali, Indonesia",Jangkauan Imunisasi DPT di Tabanan Sudah 100 Persen - BALIPOST.com,"Ilustrasi. (BP/dok)TABANAN, BALIPOST.com – Saat ini penyakit Difteri yang disebabkan bakteri Corynebacterium diptheriae telah ditemukan di beberapa Provinsi di Indonesia.","Penyakit yang menyerang saluran nafas atas dengan persentase kematian tinggi ini belum tercatat atau ditemukan di Bali.Hal ini dikarenakan jangkauan vaksinasi untuk penyakit ini di Bali tinggi. Khusus Tabanan, jangkauan imunisasinya sudah mencapai 100 persen.Kepala Bidang Pemberantasan Penyakit Menular dan Penyehatan Lingkungan (P2MPL) Dinas Kesehatan Tabanan, dr Ketut Nariana, Selasa (5/12) memaparkan dalam mencegah penyakit difteri, pemerintah telah memasukkannya dalam imunisasi dasar atau wajib yang dinamakan imunisasi DPT/HB-hib atau imunisasi untuk membentuk daya tahan terhadap penyakit difteri, batuk rejan 100 hari, tetanus, hepatitis-b dan hemophilis infulenza tipe B.","Pada Hari Rabu , 6 Desember 2017 08:00, Tabanan, Tabanan, Bali

Ilustrasi. (BP/dok)TABANAN, BALIPOST.com – Saat ini penyakit Difteri yang disebabkan bakteri Corynebacterium diptheriae telah ditemukan di beberapa Provinsi di Indonesia. Penyakit yang menyerang saluran nafas atas dengan persentase kematian tinggi ini belum tercatat atau ditemukan di Bali.Hal ini dikarenakan jangkauan vaksinasi untuk penyakit ini di Bali tinggi. Khusus Tabanan, jangkauan imunisasinya sudah mencapai 100 persen.Kepala Bidang Pemberantasan Penyakit Menular dan Penyehatan Lingkungan (P2MPL) Dinas Kesehatan Tabanan, dr Ketut Nariana, Selasa (5/12) memaparkan dalam mencegah penyakit difteri, pemerintah telah memasukkannya dalam imunisasi dasar atau wajib yang dinamakan imunisasi DPT/HB-hib atau imunisasi untuk membentuk daya tahan terhadap penyakit difteri, batuk rejan 100 hari, tetanus, hepatitis-b dan hemophilis infulenza tipe B. Pemberian imunisasi DPT/HB-hib ini diberikan sebanyak empat kali yaitu saat bayi berusia dua bulan, tiga bulan, empat bulan dan terakhir adalah booster diberikan setelah bayi berusia 18 bulan.Berdasarkan data tahun 2016 tercatat 4.917 bayi yang lahir di Tabanan. Jangkauan imunisasi DPT/HB-hib ini pada tahun yang sama adalah 4.918 bayi atau 100,9 persen. Kelebihan angka dibandingkan jumlah bayi yang lahir dijelaskan Nariana karena ada jadwal imunisasi pada bayi yang lahir tahun 2015 dilanjutkan pada tahun 2016.Sementara pada tahun 2017 hingga Oktober dari 4.893 bayi yang lahir sudah terjangkau imunisasi DPT/HB-hib sebanyak 4.161 bayi atau sekitar 85,8 persen.Kepala Dinas Kesehatan Tabanan, dr. Nyoman Suratmika menambahkan saat ini memang sudah ada warning dari Kementerian Kesehatan agar mewaspadai penularan penyakit ini ke daerah yang belum tertular. Namun lanjut Suratmika hal ini tidak perlu dikhawatirkan karena bagi yang sudah menjalani imunisasi DPT, akan memiliki kekebalan tubuh yang spesifik terhadap penyakit tersebut. “Karena jangkauan imunisasi di Bali untuk DPT tinggi, penularan tentu kecil terjadi karena semuanya sudah memiliki daya tahan tubuh,” ujarnya.Penyakit difteri sendiri sebenarnya sudah lama menghilang namun kembali merebak di 2017. Artinya, ada yang tidak melakukan imunisasi DPT/HB-Hib.Menurut Suratmika tujuan imunisasi sendiri sebenarnya adalah untuk mencegah infeksi penyakit dengan membentuk daya tahan tubuh secara spesifik melalui imunisasi. “Jadi Difteri sebenarnya bisa dicegah penularannya jika sudah menjalani imunisasi,” jelasnya.Karenanya ia berharap agar masyarakat tidak ragu-ragu membawa anak-anaknya untuk menjalani imunisasi dasar atau wajib yang disarankan pemerintah. Vaksin yang disediakan untuk imunisasi melalui Puskesmas dipastikan asli dan aman. SDifteri sendiri adalah penyakit yang menyerang saluran nafas atas dengan ciri-ciri selaput di tenggorokan yang berwarna putih keabu-abuan yang mudah berdarah jika dilepaskan, sakit waktu menelan, kadang-kadang disertai pembesaran kelenjar getah bening leher dan pembengkakan jaringan lunak leher yang disebut bullneck.Pembengkakan ini yang bisa menyebabkan kematian karena penderita mengalami gagal nafas. Penyakit yang menular lewat droplet penderita ini juga menghasilkan toksin berbahaya sehingga menyebabkan gagal ginjal maupun gagal jantung yang memicu kematian. (Wira Sanjiwani/balipost)",BALIPOST.com,"Dajan Peken, 82114, Tabanan, Tabanan, Bali, Indonesia",-8.536609490935,115.13552944186335,5,"2, 7","kejaksaan, kejatibali, kejaritabanan, tabanan, news"
Pengeragoan Rest Area Lacks of Visitors,2019-06-20T07:00:00.000Z,"Kabupaten Tabanan, Bali, Indonesia",Pengeragoan Rest Area Lacks of Visitors - BALIPOST.com,"NEGARA, BALIPOST.com – Pengeragoan rest area at Pengeragoan village, Pekutatan, has been operating for a long time. Road users, especially cars and motorbikes, prefer to rest around the Yeh Leh, the border between Jembrana and Tabanan.","Actually, the rest area built by the regional government is mostly taken advantage by trucks especially at night until morning.“In early morning, there are many trucks parked here. In the back, a lot of gazebos are usually used to take a break,” said Anom, 46, a road user.","Pada Hari Kamis , 20 Juni 2019 07:00, Tabanan, Tabanan, Bali

NEGARA, BALIPOST.com – Pengeragoan rest area at Pengeragoan village, Pekutatan, has been operating for a long time. Road users, especially cars and motorbikes, prefer to rest around the Yeh Leh, the border between Jembrana and Tabanan. Actually, the rest area built by the regional government is mostly taken advantage by trucks especially at night until morning.“In early morning, there are many trucks parked here. In the back, a lot of gazebos are usually used to take a break,” said Anom, 46, a road user. This condition is also seen on Wednesday morning (Jun. 19). A number of trucks were being parked in the parking lot of the rest area on the Denpasar-Gilimanuk roadside. Despite minimal lighting, many truck drivers choose to park their vehicles temporarily before continuing the journey. “Here, I can rest for a while, sleep can also made down there (beach side). Unfortunately, it is difficult to find merchants,” said Yopi, one of the truck drivers met last Wednesday. Condition of the building and park of the rest area is still sturdy and new. However, there is still a lot of garbage scattered especially in the front of the vehicle parking lot. Some stalls also look open even though the conditions are quiet. One of the three stalls in the rest area is closed. A different situation was seen around Yeh Leh tourist attraction on the border of Jembrana and Tabanan. Stalls on the beach looked crowded with visitors, especially motorists that were resting. The stalls selling food such as chicken meatballs, noodles and young coconut are open until early morning. Almost every time there are road users stopping by or just taking pictures in the border region. “Well, it is better here, over there many trucks are being parked. While here, there are also many merchants,” explained Anik Hariyati, 32, one of the travelers from East Java who stopped at Yeh Leh. This mother of two said she had stopped by the rest area not too far from Yeh Leh. According to her, it’s more comfortable to rest around Yeh Leh. (Surya Darma/balipost)",BALIPOST.com,"Dajan Peken, 82114, Tabanan, Tabanan, Bali, Indonesia",-8.536609490935,115.13552944186335,5,"2, 7","kejaksaan, kejatibali, kejaritabanan, tabanan, news"
Di Tabanan PAS SD Dikerjakan di Rumah,2020-12-02T08:00:00.000Z,"Kabupaten Tabanan, Bali, Indonesia","Di Tabanan, PAS SD Dikerjakan di Rumah - BALIPOST.com","Seorang siswa mengerjakan soal secara tertulis di rumah. (BP/bit)TABANAN, BALIPOST.com – Hampir seluruh tatanan kegiatan masyarakat berubah di masa pandemi COVID-19.","Tak terkecuali di sektor pendidikan.Tidak hanya belajar di rumah, para siswa juga harus menjalani ujian sekolah atau Penilaian Akhir Semester (PAS) di rumah. Berbeda dengan sebelumnya, soal  PAS kini diambil  ke sekolah oleh orangtua siswa, untuk selanjutnya dikerjakan oleh siswa sesuai dengan jadwal ujian yang diberikan oleh sekolah melalui pengumuman lewat grup WhatsApp (WA).Di kabupaten Tabanan, pelaksanaan PAS untuk jenjang SD sudah dimulai Senin (30/11) dan berakhir Sabtu (5/12). Sementara jenjang SMP mengerjakan soal secara daring.Kepala Dinas  Pendidikan Kabupaten Tabanan I Nyoman Putra mengatakan, sesuai aturan,  siswa wajib mengikuti penilaian akhir semester atau sumatif untuk mengetahui hasil dari proses pembelajaran jarak jauh (PJJ).","Pada Hari Rabu , 2 Desember 2020 08:00, Tabanan, Tabanan, Bali

Seorang siswa mengerjakan soal secara tertulis di rumah. (BP/bit)TABANAN, BALIPOST.com – Hampir seluruh tatanan kegiatan masyarakat berubah di masa pandemi COVID-19. Tak terkecuali di sektor pendidikan.Tidak hanya belajar di rumah, para siswa juga harus menjalani ujian sekolah atau Penilaian Akhir Semester (PAS) di rumah. Berbeda dengan sebelumnya, soal  PAS kini diambil  ke sekolah oleh orangtua siswa, untuk selanjutnya dikerjakan oleh siswa sesuai dengan jadwal ujian yang diberikan oleh sekolah melalui pengumuman lewat grup WhatsApp (WA).Di kabupaten Tabanan, pelaksanaan PAS untuk jenjang SD sudah dimulai Senin (30/11) dan berakhir Sabtu (5/12). Sementara jenjang SMP mengerjakan soal secara daring.Kepala Dinas  Pendidikan Kabupaten Tabanan I Nyoman Putra mengatakan, sesuai aturan,  siswa wajib mengikuti penilaian akhir semester atau sumatif untuk mengetahui hasil dari proses pembelajaran jarak jauh (PJJ). “Kami lebih  ingin tahu feedback dari hasil  proses belajar jarak jauh,” kata Nyoman Putra, Senin (2/12).Dijelaskan, dalam proses PAS ini, pihaknya sudah mengirim soal ke masing-masing satuan pendidikan (sekolah). Orangtua siswa mengambil soal tersebut, kemudian oleh siswa dikerjakan di rumah.Orangtua diharapkan mendampangi dengan baik dan benar, namun diharapkan tidak membantu dalam memberi jawaban. “Fungsi orangtua di sini hanya mendampingi dengan baik dan benar, namun tidak membantu memberitahu jawaban,” ucapnya.Sementara untuk SMP, kata mantan Kabag Umum Setwan Tabanan ini, proses PAS ada yang dilakukan secara sistem daring atau luring. Untuk sistem daring, siswa mengerjakan soal dari rumah dengan jaringan internet dan laptop masing-masing.Sementara bagi mereka yang luring, datang ke sekolah mengerjakan soal menggunakan laptop atau komputer sekolah. Bahkan, menurut Nyoman Putra, pelaksanaan PAS ada pula yang dilakukan tertulis oleh sejumlah siswa yang mengalami masalah jaringan. “Tetapi tidak semua siswa dibantu soal tertulis. Yang ngerjakan soal tertulis yang masalah jaringan. Sebagian besar pelaksanaan PAS dilakukan secara daring,” pungkasnya. (Puspawati/balipost)",BALIPOST.com,"Dajan Peken, 82114, Tabanan, Tabanan, Bali, Indonesia",-8.536609490935,115.13552944186335,5,"2, 7","kejaksaan, kejatibali, kejaritabanan, tabanan, news"
Desa Adat Tabanan Tiadakan Pawai Ogohogoh,2020-03-19T07:00:00.000Z,"Kabupaten Tabanan, Bali, Indonesia",Desa Adat Tabanan Tiadakan Pawai Ogoh-ogoh - BALIPOST.com,"Ogoh-ogoh pada perayaan Nyepi. (BP/dok)TABANAN, BALIPOST.com – Desa Adat Kota Tabanan akhirnya memutuskan untuk menunda kegiatan pengarakan atau pawai ogoh-ogoh pada malam Pengerupukan, Selasa (24/3).","Hal ini sesuai hasil paruman dan koordinasi yang dilaksanakan Rabu (1.8/3) terkait menindaklanjuti Surat Edaran Bersama PHDI Provinsi Bali, MDA Provinsi Bali, dan Pemerintah Provinsi Bali, terkait dengan Pelaksanaan Rangkaian Hari Suci Nyepi Tahun Caka 1942.Bendesa Adat Kota Tabanan I Gusti Gede Ngurah Siwa Genta mengatakan pelaksanaan Ogoh-ogoh akan dilaksanakan setelah siaga COVID-19 ini selesai dan atau dinyatakan aman oleh pemerintah. Nantinya akan dikemas dalam bentuk event seperti parade budaya.Terkait keputusan ini, pihaknya mengimbau agar para Yowana bisa dapat memahami dan tetap menyelesaikan ogoh-ogoh yang telah mereka buat.","Pada Hari Kamis , 19 Maret 2020 07:00, Tabanan, Tabanan, Bali

Ogoh-ogoh pada perayaan Nyepi. (BP/dok)TABANAN, BALIPOST.com – Desa Adat Kota Tabanan akhirnya memutuskan untuk menunda kegiatan pengarakan atau pawai ogoh-ogoh pada malam Pengerupukan, Selasa (24/3). Hal ini sesuai hasil paruman dan koordinasi yang dilaksanakan Rabu (1.8/3) terkait menindaklanjuti Surat Edaran Bersama PHDI Provinsi Bali, MDA Provinsi Bali, dan Pemerintah Provinsi Bali, terkait dengan Pelaksanaan Rangkaian Hari Suci Nyepi Tahun Caka 1942.Bendesa Adat Kota Tabanan I Gusti Gede Ngurah Siwa Genta mengatakan pelaksanaan Ogoh-ogoh akan dilaksanakan setelah siaga COVID-19 ini selesai dan atau dinyatakan aman oleh pemerintah. Nantinya akan dikemas dalam bentuk event seperti parade budaya.Terkait keputusan ini, pihaknya mengimbau agar para Yowana bisa dapat memahami dan tetap menyelesaikan ogoh-ogoh yang telah mereka buat. “Ogoh-ogoh adik Yowana supaya tetap diselesaikan kemudian disimpan dengan rapi, juga disemprot dengan desinfektan, nanti jika kondosi sudah aman terhadap COVID-19, segera kita laksanakan parade budaya/ogoh ogohnya,” terangnya, Kamis (19/3).Selain perihal pengarakan ogoh-ogoh, keputusan lainnya yang telah disepakati terkait dengan pencegahan penyebaran virus COVID-19, yakni rangkaian upacara Pemelastian.Untuk Pemargi Nedunang di soang-soang Khayangan memargi jam 16.00 Wita. Pemelastian dilaksanakan dengan menggunakan kendaraan yang dilakukan oleh masing-masing penanggap yang diatur oleh Prajuru Desa. “Pemargi Palelastian tetep sekadi sane sampun-sampun,” terangnya. (Puspawati/balipost)",BALIPOST.com,"Dajan Peken, 82114, Tabanan, Tabanan, Bali, Indonesia",-8.536609490935,115.13552944186335,5,"2, 7","kejaksaan, kejatibali, kejaritabanan, tabanan, news"
Metro Dewata Jurusan Tabanan Resmi Diluncurkan,2020-12-11T08:00:00.000Z,"Kabupaten Tabanan, Bali, Indonesia",Metro Dewata Jurusan Tabanan Resmi Diluncurkan - BALIPOST.com,"Metro Dewata Jurusan Tabanan diluncurkan Jumat (11/12). (BP/bit)TABANAN, BALIPOST.com – Bus Trans Metro Dewata yang disebut dengan nama Teman Bus, untuk koridor I yang melintasi wilayah Tabanan akhirnya resmi diluncurkan, Jumat (11/12).","Yang menarik, selain nyaman dan bersih, bus ini dilengkapi dengan peralatan canggih seperti CCTV, reader kartu non tunai, sensor penghitung jumlah penumpang dan lainnya.Masyarakat tentunya bisa mencoba moda .transportasi darat ini, apalagi hingga 31 Desember 2020 belum dikenai tarif alias gratis. Kepala Dinas Perhubungan Tabanan, I Gusti Darma Utama menjelaskan, ada 31 unit Bus Trans Metro Dewata yang siap memberikan pelayanan perjalanan nyaman dan aman dengan paramudi terlatih sebagai penunjang mobilisasi masyarakat yang terintegrasi dengan layanan angkutan massal lain.Namun dari 31 armada tersebut, lanjut Darma, hanya 28 unit yang beroperasional, dan 3 unit lainnya untuk cadangan.","Pada Hari Jumat , 11 Desember 2020 08:00, Tabanan, Tabanan, Bali

Metro Dewata Jurusan Tabanan diluncurkan Jumat (11/12). (BP/bit)TABANAN, BALIPOST.com – Bus Trans Metro Dewata yang disebut dengan nama Teman Bus, untuk koridor I yang melintasi wilayah Tabanan akhirnya resmi diluncurkan, Jumat (11/12). Yang menarik, selain nyaman dan bersih, bus ini dilengkapi dengan peralatan canggih seperti CCTV, reader kartu non tunai, sensor penghitung jumlah penumpang dan lainnya.Masyarakat tentunya bisa mencoba moda .transportasi darat ini, apalagi hingga 31 Desember 2020 belum dikenai tarif alias gratis. Kepala Dinas Perhubungan Tabanan, I Gusti Darma Utama menjelaskan, ada 31 unit Bus Trans Metro Dewata yang siap memberikan pelayanan perjalanan nyaman dan aman dengan paramudi terlatih sebagai penunjang mobilisasi masyarakat yang terintegrasi dengan layanan angkutan massal lain.Namun dari 31 armada tersebut, lanjut Darma, hanya 28 unit yang beroperasional, dan 3 unit lainnya untuk cadangan. “Program ini untuk meningkatkan lagi minat masyarakat menggunakan angkutan umum sehingga mampu mengurangi penggunaan kendaraan pribadi yang diharapkan mampu mengurangi kemacetan, angka lalu lintas dan polusi udara,” ucapnya.Khusus untuk pelintasan di Tabanan atau koridor I, rute yakni Terminal Pesiapan – Central Parkir Kuta. Juga sudah disiapkan enam titik jemput halte sepanjang By Pass Ir. Soekarno.Untuk waktu headway (jarak antar bus) yang ditentukan yaitu 10 menit, sehingga penumpang tidak menunggu lama di halte. Namun dalam masa pandemi COVID-19, pihaknya tetap menekankan protokol kesehatan (Prokes). Jumlah penumpang dibatasi hanya untuk 12 orang penumpang (setengah dari kapasitas bus). (Puspawati/balipost)",BALIPOST.com,"Dajan Peken, 82114, Tabanan, Tabanan, Bali, Indonesia",-8.536609490935,115.13552944186335,5,"2, 7","kejaksaan, kejatibali, kejaritabanan, tabanan, news"
Video Jadi Klaster COVID19 di Tabanan Manajemen RS Wisma Prashanti Angkat Bicara,2020-06-26T07:00:00.000Z,"Kabupaten Tabanan, Bali, Indonesia","Video: Jadi Klaster COVID-19 di Tabanan, Manajemen RS Wisma Prashanti Angkat Bicara - BALIPOST.com","TABANAN, BALIPOST.com – Manajemen RS Wisma Prashanti akhirnya angkat bicara mengenai penyebab RS tersebut menjadi klaster COVID-19. Direktur Utama, dr.","I Made Surya Agung, MARS, Jumat (26/6), mengakui, ada protokol kesehatan yang dilanggar sehingga terjadi penularan virus. Fatalnya, pelanggaran itu justru dilakukan oleh orang yang diharapkan ikut berperan dalam memutus mata rantai COVID-19.Dirut didampingi Kepala bidang pelayanan medis dan keperawatan dr.","Pada Hari Jumat , 26 Juni 2020 07:00, Tabanan, Tabanan, Bali

TABANAN, BALIPOST.com – Manajemen RS Wisma Prashanti akhirnya angkat bicara mengenai penyebab RS tersebut menjadi klaster COVID-19. Direktur Utama, dr. I Made Surya Agung, MARS, Jumat (26/6), mengakui, ada protokol kesehatan yang dilanggar sehingga terjadi penularan virus. Fatalnya, pelanggaran itu justru dilakukan oleh orang yang diharapkan ikut berperan dalam memutus mata rantai COVID-19.Dirut didampingi Kepala bidang pelayanan medis dan keperawatan dr. Ni Nyoman Astriningsih tegas menjamin protokol kesehatan di rumah sakit dilakukan dengan ketat bahkan berlapis. Sehingga masyarakat yang ingin berobat tidak perlu merasa khawatir ataupun cemas lagi.Bahkan untuk protokol kesehatan ini sudah dilakukan pasca mewabahnya COVID19, mulai dari screening di pintu masuk rumah sakit seperti pengecekan suhu tubuh dan cuci tangan, penataan ruangan front office diberi sekat untuk tidak bersentuhan langsung, dan petugas yang telah dilengkapi Alat Pelindung Diri (APD) mulai dari level 1 sampai dengan level 3 disesuaikan dengan beban tugas mereka masing-masing. “Kami juga ada Poli Screening. Di sini pasien yang baru masuk dan akan rawat inap dilakukan rapid test terlebih dahulu, jika hasilnya reaktif maka pasien bersangkutan akan dirujuk ke RS rujukan, yakni di RSUD Tabanan atau di UPTD RS Nyitdah, karena kami bukan rumah sakit rujukan,” terangnya.Meski demikian pihaknya juga telah menyediakan ruang isolasi dengan 7 tempat tidur, untuk mengantisipasi lonjakan pasien reaktif di Poli Screening. Tentunya lokasinya terpisah dengan ruang rawat inap pasien umum lengkap dengan petugas ber APD sesuai dengan level yang dibutuhkan.“Jujur saja penemuan kasus reaktif di rumah sakit kami sangat tinggi, karena kami menjalankan SOP dan protokol kesehatan yang ada. Jika ada yang reaktif kami langsung koordinasi dengan Gugus Tugas dan merujuk pasien tersebut ke RS rujukan COVID, jadi tidak sampai masuk ke areal dalam di ruangan rawat inap rumah sakit,” ujarnya.Dan yang perlu dipahami, lanjutnya, hasil reaktif pada rapid test belum tentu positif COVID-19 sebelum pasien dilakukan swab test  “Reaktif kebanyakan karena kasus infeksi,” terangnya.Dan terkait kasus yang sebelumnya terjadi akibat ada protokol yang dilanggar karena menggunakan power bargaining, manajemen Wisma Prashanti juga sudah berkoordinasi dengan GTPP COVID-19 Tabanan. Dalam pertemuan tersebut, Ketua Harian GTPP Tabanan yang juga selaku ketua Sekda Tabanan bahkan mengatakan tidak segan akan menurunkan Satpol PP jika ada lagi pihak-pihak yang melanggar SOP ataupun protokol kesehatan alias ‘memengkung’.Sementara itu ditambahkan oleh Kepala Bidang Pelayanan Medis dan Keperawatan dr. Ni Nyoman Astriningsih, menindaklanjuti kasus yang terjadi sebelumnya, pihaknya sudah langsung melakukan rapid test massal. Dari 200 tenaga kesehatan dan karyawan hasilnya nonreakltif. “Kami juga melakukan tracking pencarian kronologis, didapatkan 60 orang kontak erat terhadap pasien ini, dan sudah dilakukan swab, benar ditemukan 3 orang tenaga kesehatan terkonfirmasi positif. Karena tenaga medis memang memiliki risiko tinggi terpapar, namun mereka dalam kondisi stabil tanpa gejala. Ketiganya sudah diisolasi di RS rujukan dan hasil swab sudah kami terima semua negatif,” ucapnya.Dan dari pantauan di rumah sakit, sejumlah pasien pun mengaku tidak khawatir untuk tetap berobat ke RS Wisma Prashanti. Mereka meyakini, protokol kesehatan yang dilakukan pihak rumah sakit sudah sangat ketat.Terkait kewaspadaan terhadap penyebaran virus COVID-19, mereka sudah melakukan anjuran pemerintah dan pihak rumah sakit seperti cuci tangan dan menggunakan masker serta penerapan social distancing. (Puspawati/balipost)",BALIPOST.com,"Dajan Peken, 82114, Tabanan, Tabanan, Bali, Indonesia",-8.536609490935,115.13552944186335,5,"2, 7","kejaksaan, kejatibali, kejaritabanan, tabanan, news"
Suka Duka Sekaa di Jembrana Pelihara Instrumen Jegog,2018-04-14T07:00:00.000Z,"Kabupaten Tabanan, Bali, Indonesia",Suka Duka Sekaa di Jembrana Pelihara Instrumen Jegog - BALIPOST.com,"Sekeha memainkan instrumen Jegog. (BP/dok)NEGARA, BALIPOST.com – Kesenian Jegog yang identik dengan Kabupaten Jembrana disamping memiliki suara gamelan yang khas, perawatannya juga tergolong ekstra dan mahal.","Dalam merawat gamelan Jegog ini, diperlukan tempat dan perlakuan khusus.Sebab dibandingkan gong atau gamelan lainnya, alat musik jegog lebih rentan rusak karena faktor cuaca ataupun tempat penyimpanan yang tak layak. Satu saja bambu yang rusak/pecah diperlukan biaya yang tidak sedikit.Minimal Rp 350 ribu per satu bilah bambu.","Pada Hari Sabtu , 14 April 2018 07:00, Tabanan, Tabanan, Bali

Sekeha memainkan instrumen Jegog. (BP/dok)NEGARA, BALIPOST.com – Kesenian Jegog yang identik dengan Kabupaten Jembrana disamping memiliki suara gamelan yang khas, perawatannya juga tergolong ekstra dan mahal. Dalam merawat gamelan Jegog ini, diperlukan tempat dan perlakuan khusus.Sebab dibandingkan gong atau gamelan lainnya, alat musik jegog lebih rentan rusak karena faktor cuaca ataupun tempat penyimpanan yang tak layak. Satu saja bambu yang rusak/pecah diperlukan biaya yang tidak sedikit.Minimal Rp 350 ribu per satu bilah bambu. Bahan bambu yang digunakan pun jarang ditemukan di Jembrana lagi.Untuk mendapatkan bambu petung (bagian paling belakang) yang berdiameter besar itu, para perajin harus mencari di luar Jembrana, seperti Tabanan dan Karangasem. “Sekarang hampir tidak ada (bambu petung), harus memesan di Tabanan atau Gianyar,” ujar Oka, pemain Jegog asal Kelurahan Sangkaragung.Sehingga ketika gamelan bambu itu pecah, maka akan kesulitan dan biayanya cukup besar. Apalagi, saat pementasan Jegog dilakukan mebarung (adu suara) antar-sekaa, peluang pecahnya bambu cukup besar.Sehingga sekaa harus menyiapkan cadangan gamelan ketika bambu pecah. Begitu halnya dengan bambu lainnya yang lebih kecil seperti bambu jajang atau santong (lebih kecil) untuk suwir, kantil dan barangan masih bisa diperoleh.I Ketut Dernen, seniman penyetel gamelan Jegog asal Pancardawa, Kelurahan Pendem  beberapa waktu lalu mengatakan gamelan Jegog memiliki keistimewaan sehingga perawatannya pun harus ekstra. Bambu yang digunakan pun juga harus yang terpilih.Selain perangkat yang besar, nada suara lazimnya berubah saat berganti cuaca atau iklim. Misalnya, ketika alat musik bambu itu dibawa ke daerah dataran tinggi yang dingin, ketika ditabuh suaranya pasti berubah.Dernen berharap kendatipun instrumen musik ini cukup boros tempat, bisa disetarakan dengan alat musik lainnya. Pascabom Bali tahun 2000 lalu, banyak sekaha di Jembrana yang terpuruk karena minimnya pentas ke luar daerah dan minim pembiayaan. Sedangkan pentas-pentas di dalam Jembrana, bayaran tak sebanding dengan biaya yang dikeluarkan. Padahal perawatan untuk alat musik ini cukup tinggi.Seringkali, biaya untuk transportasi alat, penabuh serta perawatan gambelan lebih besar dari bayaran yang diterima. Untuk membuat seperangkat alat musik Jegog minimal dibutuhkan dana hingga Rp 50 juta.Pria kelahiran tahun 1956 ini selain menabuh juga dikenal kemampuannya dalam menyelaraskan nada gamelan Jegog. Tidak semua seniman memiliki kemampuan menyetel alat musik dari bambu ini.Bahkan Dernen mampu menyetel nada Jegog utuh dalam satu oktaf (do-re-mi-fa-sol-la-si-do). “Sekarang saya lebih banyak kerja kalau dipanggil, ada yang memanggil saya kerjakan disana. Bayaran tidak menarget, yang penting (gamelan) jadi dan senang sudah jadi,” kata pria berpenampilan sederhana ini.Keahlian seniman yang mengantongi penghargaan Satya Laksana Dharma Kusuma tahun 2013 ini, diperolehnya dari orang tua dan para seniman pembuat Jegog pendahulunya. Sisa bambu Jegog yang sudah rusak atau pecah biasanya tidak lagi dipergunakan dan dibuang.Namun di tangan orang-orang kreatif, limbah bambu Jegog itu dimanfaatkan lagi untuk hal lainnya. Seperti yang dilakukan sejumlah siswa dan guru SMAN 2 Negara.Bambu bekas gamelan Jegog yang menumpuk dan tidak bisa digunakan lagi, dimanfaatkan kembali. Seperti untuk pot tanaman misalnya.Kepala SMAN 2 Negara, I Wayan Sudiarta mengatakan sekolah sengaja memanfaatkan bambu gamelan Jegog sekolah yang rusak itu agar berguna kembali. “Dari pada tidak digunakan dan menumpuk, kami manfaatkan untuk pot tanaman untuk di sekitar sekolah,” terangnya.SMAN 2 Negara merupakan salah satu SMA yang memiliki gamelan Jegog ini dan sering tampil dengan penabuh para siswa. Selain pot bunga, bambu yang diantaranya berdiameter besar ini juga bisa dimanfaatkan untuk kerajinan lainnya seperti asbak atau tempat pensil. (Surya Dharma/balipost)",BALIPOST.com,"Dajan Peken, 82114, Tabanan, Tabanan, Bali, Indonesia",-8.536609490935,115.13552944186335,5,"2, 7","kejaksaan, kejatibali, kejaritabanan, tabanan, news"
Kebun Raya Bali Fasilitas Harga Tiket Masuk dan Jam Operasional April 2022,2022-04-02T07:00:00.000Z,"Kabupaten Tabanan, Bali, Indonesia","Kebun Raya Bali: Fasilitas, Harga Tiket Masuk, dan Jam Operasional April 2022 - Kompas.com","TRIBUNTRAVEL.COM - Kebun Raya Bali atau Kebun Raya Bedugul bisa menjadi pilihan destinasi saat liburan di Bali.
Lokasinya ada di Desa Candikuning, Kecamatan Baturiti, Kabupaten Tabanan, Bali atau sekitar 60 kilometer dari Denpasar.
Menawarkan wisata yang asri, Kebun Raya Bali berdiri di atas lahan seluas 157,5 hektare.
Kebun Raya Bali berada di ketinggian 1.240 meter dari permukaan laut (mdpl), sehingga memiliki udara yang sangat sejuk.
Bahkan suhu harian di Kebun Raya Bali rata-rata mencapai 18-20 derajat Celcius.
Melansir situs resmi kebunraya.id, Kebun Raya Bedugul memiliki enam taman.
Baca juga: Cara Pesan Tiket Masuk Bali Zoo Lewat Website, Cek HTM dan Syarat Berkunjung April 2022
Mulai dari Taman Usada, Nirwana, Taman Rhododendron, Cyathea, Mawar, dan Bambu.
Pembagian taman-taman tersebut berdasarkan jenis tanaman yang tumbuh dalam masing-masing taman.

Suasana di salah satu tempat tanaman jenis kaktus di Kebun Raya Eka Karya Bali atau yang lebih terkenal dengan nama Kebun Raya Bedugul di Kecamatan Baturiti, Tabanan, belum lama ini. (Tribun Bali/I Made Prasetia Aryawan)

1.","Taman Usada
Usada berasal dari bahasa Sansekerta 'ausadhi' yang berarti mengandung khasiat obat.
Seperti namanya, Taman Usada berisi tanaman obat mencapai 300 jenis tanaman.
Luasnya mencapai 1.600 meter persegi.
2. Taman Surya Nirwana
Taman Surya Nirwana terletak di sisi timur Kebun Raya Bali yang menawarkan estetika.
Di taman ini, traveler dapat menemukan beragam tanaman bunga yang ditata sedemikian rupa.
Taman Surya Nirwana juga memiliki panggung terbuka dengan latar belakang pemandangan Danau Beratan dan Bukit Pengelengan.
Baca juga: Styacation saat Ramadhan, Cek 5 Vila Murah di Uluwatu Bali dengan Tarif Mulai Rp 260 Ribuan
3.","Pada Hari Sabtu , 2 April 2022 07:00, Tabanan, Tabanan, Bali

TRIBUNTRAVEL.COM - Kebun Raya Bali atau Kebun Raya Bedugul bisa menjadi pilihan destinasi saat liburan di Bali.
Lokasinya ada di Desa Candikuning, Kecamatan Baturiti, Kabupaten Tabanan, Bali atau sekitar 60 kilometer dari Denpasar.
Menawarkan wisata yang asri, Kebun Raya Bali berdiri di atas lahan seluas 157,5 hektare.
Kebun Raya Bali berada di ketinggian 1.240 meter dari permukaan laut (mdpl), sehingga memiliki udara yang sangat sejuk.
Bahkan suhu harian di Kebun Raya Bali rata-rata mencapai 18-20 derajat Celcius.
Melansir situs resmi kebunraya.id, Kebun Raya Bedugul memiliki enam taman.
Baca juga: Cara Pesan Tiket Masuk Bali Zoo Lewat Website, Cek HTM dan Syarat Berkunjung April 2022
Mulai dari Taman Usada, Nirwana, Taman Rhododendron, Cyathea, Mawar, dan Bambu.
Pembagian taman-taman tersebut berdasarkan jenis tanaman yang tumbuh dalam masing-masing taman.

Suasana di salah satu tempat tanaman jenis kaktus di Kebun Raya Eka Karya Bali atau yang lebih terkenal dengan nama Kebun Raya Bedugul di Kecamatan Baturiti, Tabanan, belum lama ini. (Tribun Bali/I Made Prasetia Aryawan)

1. Taman Usada
Usada berasal dari bahasa Sansekerta 'ausadhi' yang berarti mengandung khasiat obat.
Seperti namanya, Taman Usada berisi tanaman obat mencapai 300 jenis tanaman.
Luasnya mencapai 1.600 meter persegi.
2. Taman Surya Nirwana
Taman Surya Nirwana terletak di sisi timur Kebun Raya Bali yang menawarkan estetika.
Di taman ini, traveler dapat menemukan beragam tanaman bunga yang ditata sedemikian rupa.
Taman Surya Nirwana juga memiliki panggung terbuka dengan latar belakang pemandangan Danau Beratan dan Bukit Pengelengan.
Baca juga: Styacation saat Ramadhan, Cek 5 Vila Murah di Uluwatu Bali dengan Tarif Mulai Rp 260 Ribuan
3. Taman Rhododendron
Taman Rhododendron berisi tanaman Rhododendron sebanyak 59 nomor koleksi, 20 jenis, dan 155 spesimen.
Tanaman-tanaman itu sebagian besar berasal dari Jawa, Bali, Nusa Tenggara, Sulawesi, dan Papua.
Selain itu ada juga tanaman hasil seed exchange dari Taiwan, Jerman, Amerika Serikat, dan Jepang.

Kebun Raya Eka Karya Bali atau yang lebih terkenal dengan nama Kebun Raya Bedugul di Kecamatan Baturiti, Tabanan, Selasa (2/4/2019) (Tribun Bali/Made Prasetia Aryawan)

4. Taman Cyathea
Seperti namanya, Taman Cyathea atau Taman Paku terdiri dari koleksi tumbuhan paku yang tumbuh di lahan seluas 2 hektare.
Di dalamnya terdapat 80 jenis tanaman paku yang berasal dari Bali, Nusa Tenggara, Sulawesi, Sumatera dan Papua.
5. Taman Mawar
Kebun Raya Bali memiliki koleksi bunga mawar dengan kelopak berwarna merah, putih, kuning, dan merah muda.
Selain itu, ada juga mawar hijau bunganya mekar tanpa tergantung musim.
Tanaman bunga mawar itu dapat traveler temukan di Taman Mawar.
6. Taman Bambu
Seperti namanya, Taman Bambu berisi tanaman bambu yang tumbuh subur di sana.
Jumlahnya mencapai 58 jenis koleksi.
Harga tiket masuk Kebun Raya Bali
Harga tiket masuk Kebun Raya Bali dibanderol Rp 20.000 (weekdays) dan Rp 30.000 (weekend).
Bagi traveler yang membawa kendaraan bermotor akan dikenakan biaya tambahan sebesar Rp 15.000 (weekdays) dan Rp 20.000 (weekend).
Baca juga: Tak Sampai Rp 150 Ribu, Cek 5 Vila Murah di Bali yang Asyik Buat Staycation
Jam operasional Kebun Raya Bali
Kebun Raya Bali buka setiap hari dengan jam operasional sebagai berikut:
- Senin-Jumat (weekdays) buka pukul 08.00-16.00 WITA
- Sabtu-Minggu (weekend) dan hari libur nasional buka pukul 08.00-17.00 WITA.

Baca juga: Jokowi Kunjungi Joyland Festival 2022 di Bali, Yura Yunita: Selamat Datang Ayah Kita Semua
Baca juga: Tiket Pesawat Murah Rute Lombok-Bali Mulai Rp 345 Ribuan, Terbang Langsung Naik Lion Air ; Wings Air",Kompas.com,"Dajan Peken, 82114, Tabanan, Tabanan, Bali, Indonesia",-8.536609490935,115.13552944186335,5,"2, 7","kejaksaan, kejatibali, kejaritabanan, tabanan, news"
Tak Hanya Tanah Lot Tabanan Punya 5 Pantai Ini Buat Liburanmu Berkesan,2025-05-20T07:00:00.000Z,"Kabupaten Tabanan, Bali, Indonesia","Tak Hanya Tanah Lot, Tabanan Punya 5 Pantai Ini Buat Liburanmu Berkesan - BALIPOST.com","Suasana di Pantai Kedungu, Tabanan. (BP/Istimewa)DENPASAR, BALIPOST.com – Jika kamu lelah dengan keramaian Kuta atau Seminyak, saatnya melirik wilayah barat pulau dewata: Tabanan.Terkenal dengan lanskap sawahnya yang memesona dan Pura Tanah Lot yang ikonik, Tabanan ternyata juga menyimpan deretan pantai eksotis yang belum banyak terjamah.Dilansir dari berbagai sumber, berikut 5 pantai tersembunyi di Tabanan yang siap membuat liburanmu berkesan:1.",Pantai KedunguPantai Kedungu menyambutmu dengan hamparan pasir hitam halus dan panorama sunset yang sulit dilupakan. Hembusan angin yang menyejukkan dan deburan ombak menjadikan pantai ini tempat sempurna untuk bersantai atau berselancar.,"Pada Hari Selasa , 20 Mei 2025 07:00, Tabanan, Tabanan, Bali

Suasana di Pantai Kedungu, Tabanan. (BP/Istimewa)DENPASAR, BALIPOST.com – Jika kamu lelah dengan keramaian Kuta atau Seminyak, saatnya melirik wilayah barat pulau dewata: Tabanan.Terkenal dengan lanskap sawahnya yang memesona dan Pura Tanah Lot yang ikonik, Tabanan ternyata juga menyimpan deretan pantai eksotis yang belum banyak terjamah.Dilansir dari berbagai sumber, berikut 5 pantai tersembunyi di Tabanan yang siap membuat liburanmu berkesan:1. Pantai KedunguPantai Kedungu menyambutmu dengan hamparan pasir hitam halus dan panorama sunset yang sulit dilupakan. Hembusan angin yang menyejukkan dan deburan ombak menjadikan pantai ini tempat sempurna untuk bersantai atau berselancar. Ombaknya cukup menantang bagi para surfer, sementara panoramanya sangat cocok untuk para pencinta fotografi senja.Catatan:  Hati-hati dengan pedagang yang terkadang cukup agresif dan perhatikan kondisi kebersihan sekitar, terutama saat musim liburan. Siapkan topi atau payung karena pohon rindang masih minim di sekitar bibir pantai.2. Pantai Yeh GanggaPantai Yeh Gangga cocok untuk kamu yang menyukai adrenalin. Ombaknya besar dan cocok untuk surfing, tapi tetap menawarkan ketenangan bagi mereka yang hanya ingin bersantai. Keistimewaan lainnya adalah keberadaan konservasi penyu di sekitar area, menjadikan tempat ini juga menarik dari sisi edukasi lingkungan.Catatan: Fasilitas umum masih terbatas, dan kebersihan menjadi tantangan tersendiri. Tapi justru karena sepinya pengunjung, kamu bisa menikmati spot foto eksklusif sepuasnya.3. Pantai BalianPantai Balian bagaikan tempat persembunyian sempurna bagi jiwa-jiwa yang mencari ketenangan. Pasir hitam keabu-abuan dan pemandangan sunset yang dramatis membuat suasana terasa magis. Balian juga dikenal di kalangan surfer mancanegara sebagai spot ombak yang menantang.Catatan: Belum banyak penginapan mewah di sekitar pantai ini. Jika kamu ingin menginap, siapkan diri untuk suasana yang lebih rustic. Tetap waspada juga dengan ombak besar yang bisa berbahaya bagi yang tidak bisa berenang.4. Pantai SokaTerletak di jalur utama Denpasar-Gilimanuk, Pantai Soka menawarkan perpaduan antara keindahan alam dan atmosfer budaya lokal. Dengan pasir hitamnya yang lembut dan suasana tenang, pantai ini menjadi tempat ideal untuk menikmati sunset atau sekadar berjalan menyusuri garis pantai. Lokasinya juga dekat dengan Museum Ogoh-Ogoh, menambah nilai wisata budaya.Catatan: Fasilitas umum masih minim, dan jumlah pedagang terbatas. Jadi, lebih baik bawa perbekalan sendiri jika berkunjung.5. Pantai KelatingPantai Kelating adalah tempat untuk kamu yang mencari suasana hening dan panorama senja yang dramatis. Pasir hitamnya lembut dan luas, cocok untuk yoga atau meditasi. Ombaknya yang besar menjadi tantangan tersendiri bagi para peselancar.Catatan: Harga makanan di restoran sekitar bisa sedikit mahal, dan saat musim tertentu, ada potensi sampah laut yang terdampar di bibir pantai. (Agus Pradnyana/balipost)",BALIPOST.com,"Dajan Peken, 82114, Tabanan, Tabanan, Bali, Indonesia",-8.536609490935,115.13552944186335,5,"2, 7","kejaksaan, kejatibali, kejaritabanan, tabanan, news"
6943 Keluarga di Tabanan Masuk Desil 1,2026-09-07T07:00:00.000Z,"Kabupaten Tabanan, Bali, Indonesia",6.943 Keluarga di Tabanan Masuk Desil 1 - BALIPOST.com,"Bupati Tabanan, Dr. I Komang Gede Sanjaya.","(BP/Istimewa)SINGASANA, BALIPOST.com — Sebanyak 6.943 keluarga atau 22.415 individu di Kabupaten Tabanan tercatat berada pada desil 1, kelompok dengan tingkat kesejahteraan paling rendah dalam data tunggal sosial dan ekonomi nasional. Kondisi tersebut menjadi perhatian Pemerintah Kabupaten Tabanan untuk memperkuat penanggulangan kemiskinan secara terpadu dan tepat sasaran melalui pemutakhiran data serta kolaborasi lintas sektor.Hal tersebut ditegaskan Bupati Tabanan, Dr.","Pada Hari Senin , 7 September 2026 07:00, Tabanan, Tabanan, Bali

Bupati Tabanan, Dr. I Komang Gede Sanjaya. (BP/Istimewa)SINGASANA, BALIPOST.com — Sebanyak 6.943 keluarga atau 22.415 individu di Kabupaten Tabanan tercatat berada pada desil 1, kelompok dengan tingkat kesejahteraan paling rendah dalam data tunggal sosial dan ekonomi nasional. Kondisi tersebut menjadi perhatian Pemerintah Kabupaten Tabanan untuk memperkuat penanggulangan kemiskinan secara terpadu dan tepat sasaran melalui pemutakhiran data serta kolaborasi lintas sektor.Hal tersebut ditegaskan Bupati Tabanan, Dr. I Komang Gede Sanjaya saat membuka Rapat Koordinasi Tim Koordinasi Penanggulangan Kemiskinan (TKPK) Kabupaten Tabanan di Graha Yadnya Sanjayaning Singasana Tabanan, Senin (7/9). Bupati Sanjaya menegaskan, angka 6.943 keluarga tersebut tidak boleh hanya dipandang sebagai statistik.Di balik data tersebut terdapat masyarakat yang membutuhkan intervensi nyata pemerintah, mulai dari anak-anak, lansia, penyandang disabilitas, pekerja, petani, nelayan hingga kelompok masyarakat lainnya. “Angka kemiskinan jangan hanya dilihat sebagai angka statistik. Di balik data tersebut ada masyarakat yang membutuhkan perhatian dan kehadiran pemerintah,” tegasnya.Menurut Sanjaya, penanggulangan kemiskinan harus dilakukan secara terpadu karena kemiskinan bukan semata-mata persoalan rendahnya pendapatan. Persoalan tersebut juga berkaitan dengan pendidikan, kesehatan, jaminan sosial, lapangan pekerjaan dan kesempatan masyarakat untuk meningkatkan taraf ekonominya.Untuk itu, Pemkab Tabanan menetapkan tiga arah utama dalam penanganan kemiskinan yakni mengurangi beban pengeluaran masyarakat miskin, meningkatkan pendapatan masyarakat miskin atau kurang mampu, serta mengurangi dan menangani kantong-kantong kemiskinan.Sanjaya menekankan pentingnya penggunaan data yang akurat agar program pemerintah tidak salah sasaran. Salah satu upaya yang terus dikembangkan adalah Desa Presisi sebagai basis data dalam mendukung perencanaan pembangunan di tingkat daerah hingga desa.“Pembangunan selalu bergerak. Karena itu, setiap desa harus memiliki data yang presisi. Dengan data yang akurat, Bappeda dapat menyusun perencanaan pembangunan yang tepat guna dan tepat sasaran,” ujarnya.Ia berharap keberadaan data tersebut mampu menjadi dasar bagi perangkat daerah dalam menentukan bentuk intervensi yang sesuai dengan kebutuhan masing-masing keluarga. Penanganan kemiskinan, lanjutnya, juga tidak cukup hanya melalui bantuan sosial.Pemerintah perlu membuka akses pendidikan, meningkatkan layanan kesehatan, menciptakan lapangan pekerjaan serta memperkuat sektor-sektor ekonomi potensial, termasuk pertanian dan pariwisata.“Mari kita ciptakan lapangan pekerjaan sebaik dan sebanyak mungkin di Tabanan. Dengan demikian, masyarakat kita semakin cerdas, sehat, dan sejahtera, sehingga angka kemiskinan dari tahun ke tahun semakin menurun,” katanya.Dalam kesempatan tersebut, Bupati Sanjaya juga mendorong keterlibatan dunia usaha melalui program tanggung jawab sosial perusahaan (TJSP). Dukungan perusahaan diharapkan tidak berhenti dalam bentuk bantuan atau donasi, tetapi diarahkan menjadi investasi sosial yang produktif dan berkelanjutan.Program pemerintah dan TJSP diharapkan dapat saling melengkapi dalam menangani kelompok masyarakat yang masuk kategori paling rentan. “Saya berharap program pemerintah dan TJSP tidak berjalan sendiri-sendiri, tetapi saling melengkapi. Rakor ini jangan hanya menjadi forum penyampaian laporan, melainkan harus menghasilkan kesepakatan dan tindak lanjut yang nyata,” ujarnya.Sekretaris Bappeda Tabanan, Ida Ayu Agung Windayani Kusumaharani menyampaikan, rakor digelar untuk menyamakan persepsi, memperkuat sinergi, mengidentifikasi hambatan, menyelaraskan dukungan TJSP serta memastikan program penanggulangan kemiskinan dan penghapusan kemiskinan ekstrem berjalan lebih tepat sasaran.Upaya tersebut diperkuat melalui Rencana Penanggulangan Kemiskinan Daerah (RPKD) Kabupaten Tabanan 2025–2029, yang menjadi landasan dalam menentukan profil kemiskinan, prioritas program hingga lokasi sasaran penanganan kemiskinan. (Puspawati/balipost)",BALIPOST.com,"Dajan Peken, 82114, Tabanan, Tabanan, Bali, Indonesia",-8.536609490935,115.13552944186335,5,"2, 7","kejaksaan, kejatibali, kejaritabanan, tabanan, news"
Lahan Hibah KPK di Marga Tabanan Disiapkan Jadi Pusat Pembibitan Pertanian,2026-10-08T07:41:13.000Z,"Kabupaten Tabanan, Bali, Indonesia",Lahan Hibah KPK di Marga Tabanan Disiapkan Jadi Pusat Pembibitan Pertanian - BALIPOST.com,"Bupati Tabanan I Komang Gede Sanjaya (BP/istimewa)SINGASANA, BALIPOST.com – Lahan hibah seluas 2.000 meter persegi atau 20 are dari Komisi Pemberantasan Korupsi (KPK) di Kecamatan Marga, Tabanan, disiapkan Pemerintah Kabupaten Tabanan untuk mendukung ketahanan pangan. Setelah proses administrasi dan balik nama rampung, lahan tersebut direncanakan dibangun green house sebagai pusat pembibitan tanaman pertanian di tahun 2027.Rencana pemanfaatan aset tersebut disampaikan Bupati Tabanan, I Komang Gede Sanjaya seusai menghadiri Sidang Paripurna DPRD Tabanan, Kamis (8/10).","Menurut Sanjaya, lahan belum dapat langsung digunakan karena masih harus melalui sejumlah tahapan administrasi, termasuk pendaftaran ke Badan Pertanahan Nasional (BPN) dan proses balik nama. “Aset baru dihibahkan, itu akan didaftarkan dulu ke Agraria dan balik nama.","Pada Hari Kamis , 8 Oktober 2026 07:41, Tabanan, Tabanan, Bali

Bupati Tabanan I Komang Gede Sanjaya (BP/istimewa)SINGASANA, BALIPOST.com – Lahan hibah seluas 2.000 meter persegi atau 20 are dari Komisi Pemberantasan Korupsi (KPK) di Kecamatan Marga, Tabanan, disiapkan Pemerintah Kabupaten Tabanan untuk mendukung ketahanan pangan. Setelah proses administrasi dan balik nama rampung, lahan tersebut direncanakan dibangun green house sebagai pusat pembibitan tanaman pertanian di tahun 2027.Rencana pemanfaatan aset tersebut disampaikan Bupati Tabanan, I Komang Gede Sanjaya seusai menghadiri Sidang Paripurna DPRD Tabanan, Kamis (8/10). Menurut Sanjaya, lahan belum dapat langsung digunakan karena masih harus melalui sejumlah tahapan administrasi, termasuk pendaftaran ke Badan Pertanahan Nasional (BPN) dan proses balik nama. “Aset baru dihibahkan, itu akan didaftarkan dulu ke Agraria dan balik nama. Setelah balik nama, baru tahun depan bisa dimanfaatkan,” ujar Sanjaya.Setelah seluruh proses administrasi selesai, Pemkab Tabanan berencana membangun green house yang difungsikan sebagai rumah pembibitan. Bibit tanaman pertanian yang dihasilkan nantinya dapat disalurkan kepada masyarakat untuk mendukung pengembangan sektor pertanian sekaligus memperkuat ketahanan pangan. “Karena diwilayah Marga itu pertanian dan hortikultura jadi alangkah baiknya dipakai green house, rumah pertanian untuk pembibitan. Tempat pembibitan untuk ketahanan pangan,” jelasnya.Sanjaya menilai lokasi lahan di wilayah Marga cukup strategis karena berada di kawasan yang memiliki aktivitas pertanian dan hortikultura. Karena itu, aset tersebut diharapkan tidak hanya menjadi aset pemerintah, tetapi dapat memberikan manfaat langsung bagi masyarakat.Pemkab Tabanan juga mengapresiasi KPK atas hibah aset tersebut. Menurut Sanjaya, aset yang sebelumnya merupakan hasil sitaan dalam perkara tindak pidana dapat dimanfaatkan untuk kegiatan produktif setelah seluruh proses administrasi kepemilikan diselesaikan.Selain menyiapkan green house, Pemkab Tabanan juga menunggu realisasi pembangunan Rice Milling Unit (RMU) atau unit penyosohan beras dari Pemerintah Provinsi Bali. Sanjaya menegaskan, pembangunan RMU tersebut tidak berkaitan langsung dengan lahan hibah KPK di Marga.Namun, keberadaan RMU dan rencana green house dinilai dapat mendukung rantai pertanian dari hulu hingga hilir. Green house diarahkan untuk memperkuat pembibitan dan produksi pertanian, sedangkan RMU mendukung pengolahan hasil panen padi menjadi beras. “Menurut janji Bapak Gubernur Bali akan memberikan dan membangun RMU yang besar di Tabanan,” kata Sanjaya. (Dewi Puspawati/balipost)",BALIPOST.com,"Dajan Peken, 82114, Tabanan, Tabanan, Bali, Indonesia",-8.536609490935,115.13552944186335,5,"2, 7","kejaksaan, kejatibali, kejaritabanan, tabanan, news"
Tabanan Arsip Page 11 of 591,2020-07-12T09:19:59.000Z,"Kabupaten Tabanan, Bali, Indonesia",Tabanan Arsip | Page 11 of 591 - BALIPOST.com,"Tabanan Perkuat Kesiapsiagaan Hadapi BencanaTabanan Rabu, 26 Agustus 2026 | 17:34:30 SINGASANA, BALIPOST.com – Menghadapi potensi bencana di tengah kemarau panjang, Badan Penanggulangan Bencana Daerah (BPBD) Kabupaten Tabanan menggelar apel kesiapsiagaan dan simulasi bencana gempa...Gazebo Jukung Jadi Ikon Baru Rest Area SelabihTabanan Rabu, 26 Agustus 2026 | 17:32:52 SINGASANA, BALIPOST.com – Penataan Rest Area Selabih di Desa Selabih, Kecamatan Selemadeg Barat, Tabanan, terus dikebut dengan menghadirkan sejumlah fasilitas pendukung, termasuk empat gazebo....",,"Pada Hari Minggu , 12 Juli 2020 09:19, Tabanan, Tabanan, Bali

Tabanan Perkuat Kesiapsiagaan Hadapi BencanaTabanan Rabu, 26 Agustus 2026 | 17:34:30 SINGASANA, BALIPOST.com – Menghadapi potensi bencana di tengah kemarau panjang, Badan Penanggulangan Bencana Daerah (BPBD) Kabupaten Tabanan menggelar apel kesiapsiagaan dan simulasi bencana gempa...Gazebo Jukung Jadi Ikon Baru Rest Area SelabihTabanan Rabu, 26 Agustus 2026 | 17:32:52 SINGASANA, BALIPOST.com – Penataan Rest Area Selabih di Desa Selabih, Kecamatan Selemadeg Barat, Tabanan, terus dikebut dengan menghadirkan sejumlah fasilitas pendukung, termasuk empat gazebo...",BALIPOST.com,"Dajan Peken, 82114, Tabanan, Tabanan, Bali, Indonesia",-8.536609490935,115.13552944186335,5,"2, 7","kejaksaan, kejatibali, kejaritabanan, tabanan, news"
Warga Diam di Rumah Jalan di Tabanan Lengang,2020-03-26T07:00:00.000Z,"Kabupaten Tabanan, Bali, Indonesia","Warga Diam di Rumah, Jalan di Tabanan Lengang - BALIPOST.com","TABANAN, BALIPOST.com – Suasana ruas jalan di Kabupaten Tabanan pada Kamis (26/3) atau pasca-Nyepi bampak lengang. Masyarakat telah banyak yang mengikuti himbauan pemerintah untuk tetap berada di rumah masing-masing.Jajaran kepolisian serta sejumlah pecalang pun ikut mengamankan instruksi pemerintah tersebut.",Sejumlah kendaraan yang melintas pun dihentikan oleh jajaran Satlantas Polres Tabanan.Ada diantaranya yang diperbolehkan melintas karena memang pekerjaan atau yang sifatnya penting. Sementara ada pula yang diminta untuk balik pulang ke rumah.Seperti disampaikan Kasat Lantas Polres Tabanan Iptu Ni Luh Putu Wila.,"Pada Hari Kamis , 26 Maret 2020 07:00, Tabanan, Tabanan, Bali

TABANAN, BALIPOST.com – Suasana ruas jalan di Kabupaten Tabanan pada Kamis (26/3) atau pasca-Nyepi bampak lengang. Masyarakat telah banyak yang mengikuti himbauan pemerintah untuk tetap berada di rumah masing-masing.Jajaran kepolisian serta sejumlah pecalang pun ikut mengamankan instruksi pemerintah tersebut. Sejumlah kendaraan yang melintas pun dihentikan oleh jajaran Satlantas Polres Tabanan.Ada diantaranya yang diperbolehkan melintas karena memang pekerjaan atau yang sifatnya penting. Sementara ada pula yang diminta untuk balik pulang ke rumah.Seperti disampaikan Kasat Lantas Polres Tabanan Iptu Ni Luh Putu Wila. Untuk kendaraan seperti truk yang melintas di jalan Denpasar-Gilimanuk, pihaknya menerapkan selektif prioritas. Artinya truk yang tidak mengangkut barang atau bahan pokok diarahkan dulu ke Terminal Pesiapan. “Tetapi jika mengangkut kebutuhan pokok kita jalankan, dan untuk kendaraan roda dua kita arahkan kembali pulang jika disekitar sini,” terangnya.Di sisi lain, selain himbauan agar tidak keluar rumah pada Kamis, Bupati Tabanan Ni Putu Eka Wiryastuti juga mengeluarkan surat edaran yang memerintahkan pengelola kafe dan pusat hiburan umum di Tabanan untuk menutup operasional usahanya sampai 30 Maret 2020. Kebijakan ini dikeluarkan lantaran penyebaran virus Corona yang makin meluas, dengan melakukan pembatasan kegiatan keramaian. (Puspawati/balipost)",BALIPOST.com,"Dajan Peken, 82114, Tabanan, Tabanan, Bali, Indonesia",-8.536609490935,115.13552944186335,5,"2, 7","kejaksaan, kejatibali, kejaritabanan, tabanan, news"
Waspadai Penipuan Berkedok Aktivasi Identitas Kependudukan Digital,2025-05-26T07:00:00.000Z,"Kabupaten Tabanan, Bali, Indonesia",Waspadai Penipuan Berkedok Aktivasi Identitas Kependudukan Digital - BALIPOST.com,"Kepala Disdukcapil Tabanan, I Gusti Agung Rai Dwipayana. (BP/Bit)TABANAN, BALIPOST.com – Masyarakat Tabanan diminta waspada terhadap upaya penipuan yang mengatasnamakan Dinas Kependudukan dan Pencatatan Sipil (Disdukcapil) Kabupaten Tabanan dalam proses aktivasi Identitas Kependudukan Digital (IKD).","Pasalnya, Disdukcapil belakangan ini menerima sejumlah laporan terkait aksi penipuan yang dilakukan melalui pesan WhatsApp dan media digital lainnya.Kepala Disdukcapil Tabanan, I Gusti Agung Rai Dwipayana mengatakan, modus yang dilakukan pelaku penipuan yakni dengan berpura-pura sebagai petugas Dukcapil dan menghubungi warga secara pribadi untuk meminta mereka mengklik tautan atau mengunduh aplikasi tertentu dengan dalih aktivasi IKD.Rai Dwipayana pun menegaskan aktivasi IKD hanya bisa dilakukan secara langsung di kantor Disdukcapil Kabupaten Tabanan atau melalui layanan resmi yang diselenggarakan instansi terkait.“Kami tegaskan bahwa proses aktivasi IKD tidak pernah dilakukan melalui pesan pribadi, baik lewat WhatsApp, SMS, maupun media sosial. Masyarakat sebaiknya tidak mengklik tautan atau mengunduh aplikasi dari sumber yang tidak jelas,” tegasnya, Senin (26/5).Mencegah adanya korban, pihaknya juga sudah mengirimkan surat resmi yang ditujukan kepada camat, perbekel, lurah, serta masyarakat umum, untuk menyebarkan luaskan informasi ini dan mengimbau agar semua pihak berhati-hati dan tidak mudah percaya terhadap informasi yang mencurigakan.“Jika ada yang menerima pesan serupa bisa segera melapor kepada pihak berwenang atau menghubungi langsung kantor Disdukcapil Kabupaten Tabanan, untuk kami tindak lanjuti,” sarannya.","Pada Hari Senin , 26 Mei 2025 07:00, Tabanan, Tabanan, Bali

Kepala Disdukcapil Tabanan, I Gusti Agung Rai Dwipayana. (BP/Bit)TABANAN, BALIPOST.com – Masyarakat Tabanan diminta waspada terhadap upaya penipuan yang mengatasnamakan Dinas Kependudukan dan Pencatatan Sipil (Disdukcapil) Kabupaten Tabanan dalam proses aktivasi Identitas Kependudukan Digital (IKD). Pasalnya, Disdukcapil belakangan ini menerima sejumlah laporan terkait aksi penipuan yang dilakukan melalui pesan WhatsApp dan media digital lainnya.Kepala Disdukcapil Tabanan, I Gusti Agung Rai Dwipayana mengatakan, modus yang dilakukan pelaku penipuan yakni dengan berpura-pura sebagai petugas Dukcapil dan menghubungi warga secara pribadi untuk meminta mereka mengklik tautan atau mengunduh aplikasi tertentu dengan dalih aktivasi IKD.Rai Dwipayana pun menegaskan aktivasi IKD hanya bisa dilakukan secara langsung di kantor Disdukcapil Kabupaten Tabanan atau melalui layanan resmi yang diselenggarakan instansi terkait.“Kami tegaskan bahwa proses aktivasi IKD tidak pernah dilakukan melalui pesan pribadi, baik lewat WhatsApp, SMS, maupun media sosial. Masyarakat sebaiknya tidak mengklik tautan atau mengunduh aplikasi dari sumber yang tidak jelas,” tegasnya, Senin (26/5).Mencegah adanya korban, pihaknya juga sudah mengirimkan surat resmi yang ditujukan kepada camat, perbekel, lurah, serta masyarakat umum, untuk menyebarkan luaskan informasi ini dan mengimbau agar semua pihak berhati-hati dan tidak mudah percaya terhadap informasi yang mencurigakan.“Jika ada yang menerima pesan serupa bisa segera melapor kepada pihak berwenang atau menghubungi langsung kantor Disdukcapil Kabupaten Tabanan, untuk kami tindak lanjuti,” sarannya. (Puspawati/Balipost)",BALIPOST.com,"Dajan Peken, 82114, Tabanan, Tabanan, Bali, Indonesia",-8.536609490935,115.13552944186335,5,"2, 7","kejaksaan, kejatibali, kejaritabanan, tabanan, news"
Kantor Bupati Tabanan Dipasangi Patung Sapi dan Patih,2023-11-22T08:00:00.000Z,"Kabupaten Tabanan, Bali, Indonesia",Kantor Bupati Tabanan Dipasangi Patung Sapi dan Patih - BALIPOST.com,"TABANAN, BALIPOST.com – Sebagai upaya mempercantik wajah kota Tabanan, Pemerintah Kabupaten Tabanan melakukan pembangunan hingga penataan infrastruktur di berbagai lini. Teranyar, dilakukan pemasangan patung sapi dan patung patih di areal kantor Bupati Tabanan.Dalam proses pengerjaannya, Bupati Tabanan, I Komang Gede Sanjaya mengawasi tiap perkembangan pembangunan untuk memastikan pembangunan sesuai dengan rencana dan sesuai standar kualitas.","Seperti yang berlangsung pada Senin (20/11), saat melakukan peninjauan, Bupati Sanjaya memberikan arahan langsung pemasangan patung yang menjadi bagian integral dari perubahan visual dan peningkatan lingkungan di kantor pemerintahan.Sanjaya mengatakan, renovasi ini bukan hanya sekadar perubahan fisik, namun juga simbol dari semangat pemerintah dalam meningkatkan kualitas layanan kepada masyarakat. Perubahan ini diharapkan dapat menciptakan lingkungan kerja yang lebih produktif, kreatif, dan nyaman bagi semua yang terlibat dalam tugas pemerintahan di Tabanan.Pihaknya juga berharap agar proses pengerjaan dapat selesai tepat waktu.","Pada Hari Rabu , 22 November 2023 08:00, Tabanan, Tabanan, Bali

TABANAN, BALIPOST.com – Sebagai upaya mempercantik wajah kota Tabanan, Pemerintah Kabupaten Tabanan melakukan pembangunan hingga penataan infrastruktur di berbagai lini. Teranyar, dilakukan pemasangan patung sapi dan patung patih di areal kantor Bupati Tabanan.Dalam proses pengerjaannya, Bupati Tabanan, I Komang Gede Sanjaya mengawasi tiap perkembangan pembangunan untuk memastikan pembangunan sesuai dengan rencana dan sesuai standar kualitas. Seperti yang berlangsung pada Senin (20/11), saat melakukan peninjauan, Bupati Sanjaya memberikan arahan langsung pemasangan patung yang menjadi bagian integral dari perubahan visual dan peningkatan lingkungan di kantor pemerintahan.Sanjaya mengatakan, renovasi ini bukan hanya sekadar perubahan fisik, namun juga simbol dari semangat pemerintah dalam meningkatkan kualitas layanan kepada masyarakat. Perubahan ini diharapkan dapat menciptakan lingkungan kerja yang lebih produktif, kreatif, dan nyaman bagi semua yang terlibat dalam tugas pemerintahan di Tabanan.Pihaknya juga berharap agar proses pengerjaan dapat selesai tepat waktu. Selain itu, pembangunan harus sesuai spesifikasi dan kualitas yang sudah ditentukan. (Puspawati/balipost)Simak selengkapnya di video",BALIPOST.com,"Dajan Peken, 82114, Tabanan, Tabanan, Bali, Indonesia",-8.536609490935,115.13552944186335,5,"2, 7","kejaksaan, kejatibali, kejaritabanan, tabanan, news"
Sektor Pariwisata Dongkrak PAD Tabanan,2026-08-02T07:00:00.000Z,"Kabupaten Tabanan, Bali, Indonesia",Sektor Pariwisata Dongkrak PAD Tabanan - BALIPOST.com,"Aktivitas wisatawan di DTW Tanah Lot salah satu gambaran geliat sektor pariwisata Tabanan.(BP/istimewa)SINGASANA, BALIPOST.com – Geliat sektor usaha dan pariwisata di Kabupaten Tabanan mulai berdampak terhadap penerimaan daerah. Sejumlah sektor pajak bahkan mencatat realisasi melampaui target, di tengah upaya pemerintah daerah memperkuat Pendapatan Asli Daerah (PAD) untuk menopang pembangunan dan pelayanan publik.Berdasarkan data Badan Keuangan Daerah (Bakeuda) Kabupaten Tabanan per 16 Juli 2026, realisasi PAD mencapai Rp331,97 miliar atau 35,80 persen dari target tahun 2026 sebesar Rp927,17 miliar.","Dari capaian tersebut, pajak daerah menjadi kontributor terbesar dengan realisasi Rp216,13 miliar atau 48,51 persen dari target yang ditetapkan.Menariknya, sejumlah sektor usaha justru mampu melampaui target penerimaan pajak. Di antaranya pajak karaoke, bar dan spa.","Pada Hari Minggu , 2 Agustus 2026 07:00, Tabanan, Tabanan, Bali

Aktivitas wisatawan di DTW Tanah Lot salah satu gambaran geliat sektor pariwisata Tabanan.(BP/istimewa)SINGASANA, BALIPOST.com – Geliat sektor usaha dan pariwisata di Kabupaten Tabanan mulai berdampak terhadap penerimaan daerah. Sejumlah sektor pajak bahkan mencatat realisasi melampaui target, di tengah upaya pemerintah daerah memperkuat Pendapatan Asli Daerah (PAD) untuk menopang pembangunan dan pelayanan publik.Berdasarkan data Badan Keuangan Daerah (Bakeuda) Kabupaten Tabanan per 16 Juli 2026, realisasi PAD mencapai Rp331,97 miliar atau 35,80 persen dari target tahun 2026 sebesar Rp927,17 miliar. Dari capaian tersebut, pajak daerah menjadi kontributor terbesar dengan realisasi Rp216,13 miliar atau 48,51 persen dari target yang ditetapkan.Menariknya, sejumlah sektor usaha justru mampu melampaui target penerimaan pajak. Di antaranya pajak karaoke, bar dan spa. Selain itu, pajak olahraga dan kebugaran, penyelenggaraan kesenian, vila hingga pondok wisata juga mencatat realisasi di atas target.Kondisi tersebut menjadi salah satu indikator bergeraknya aktivitas ekonomi di Tabanan, terutama sektor usaha yang berkaitan dengan pariwisata dan jasa. Di sisi lain, peningkatan penerimaan pajak juga tidak terlepas dari kepatuhan masyarakat maupun pelaku usaha dalam memenuhi kewajiban perpajakannya.Kepala Bakeuda Tabanan, Dra. Ni Wayan Mariati, mengatakan capaian hingga pertengahan tahun memberikan optimisme bagi pemerintah daerah dalam mengejar target PAD 2026.“Realisasi PAD hingga pertengahan tahun ini memberikan gambaran positif. Capaian semester I ini tentu jadi acuan sekaligus menumbuhkan optimisme target PAD Tahun 2026 dapat tercapai sesuai yang telah ditetapkan,” jelas Mariati.Menurutnya, Bakeuda akan terus memperkuat pengelolaan pendapatan melalui intensifikasi dan ekstensifikasi sumber-sumber PAD. Peningkatan kualitas pelayanan kepada wajib pajak serta koordinasi dengan seluruh perangkat daerah pengelola pendapatan juga terus dilakukan.Mariati berharap kolaborasi pemerintah daerah, pelaku usaha dan masyarakat dapat terus diperkuat. Kepatuhan dalam memenuhi kewajiban pajak dan retribusi, kata dia, akan menjadi salah satu penopang pencapaian target pendapatan daerah hingga akhir tahun.“Kolaborasi seluruh perangkat daerah, dukungan para pelaku usaha, dan kepatuhan masyarakat sebagai wajib pajak, kami optimistis target PAD tahun 2026 dapat direalisasikan optimal. Pendapatan yang berhasil dihimpun nantinya akan kembali kepada masyarakat dalam bentuk pembangunan dan peningkatan kualitas pelayanan publik,” pungkasnya.Terpisah, Bupati Tabanan, Dr. I Komang Gede Sanjaya, mengapresiasi kinerja perangkat daerah, pelaku usaha dan masyarakat yang turut berkontribusi terhadap peningkatan penerimaan daerah. Menurutnya, capaian tersebut menunjukkan aktivitas ekonomi di Tabanan terus bergerak dan kesadaran masyarakat dalam memenuhi kewajiban perpajakan semakin baik.“Astungkara, capaian Pendapatan Asli Daerah hingga pertengahan tahun ini menunjukkan perkembangan yang baik. Ini menjadi bukti bahwa aktivitas ekonomi di Kabupaten Tabanan terus bergerak positif dan kesadaran masyarakat serta pelaku usaha dalam memenuhi kewajiban perpajakan semakin meningkat,” ujarnya.Sanjaya mengatakan, pemerintah daerah akan terus melakukan inovasi dalam pengelolaan pendapatan sekaligus mengoptimalkan berbagai potensi PAD yang masih dapat dikembangkan.“Pendapatan Asli Daerah merupakan salah satu fondasi penting dalam mewujudkan pembangunan yang berkelanjutan. Semakin kuat kapasitas fiskal daerah, semakin besar pula kemampuan pemerintah menghadirkan pelayanan publik yang berkualitas, pembangunan infrastruktur, serta berbagai program yang berpihak kepada kesejahteraan masyarakat,” tegasnya.Ia menambahkan, penguatan PAD tidak semata-mata diarahkan untuk meningkatkan penerimaan daerah. Optimalisasi pendapatan juga harus berjalan beriringan dengan pertumbuhan ekonomi serta peningkatan kualitas pelayanan kepada masyarakat.(Puspawati/balipost)",BALIPOST.com,"Dajan Peken, 82114, Tabanan, Tabanan, Bali, Indonesia",-8.536609490935,115.13552944186335,5,"2, 7","kejaksaan, kejatibali, kejaritabanan, tabanan, news"
Pemkab Tabanan Buka Lelang Jabatan Empat Kursi Kadis Diperebutkan,2026-03-11T07:00:00.000Z,"Kabupaten Tabanan, Bali, Indonesia","Pemkab Tabanan Buka Lelang Jabatan, Empat Kursi Kadis Diperebutkan - BALIPOST.com","Bupati Tabanan, I Komang Gede Sanjaya. (BP/bit)SINGASANA, BALIPOST.com – Pemerintah Kabupaten Tabanan mulai membuka seleksi terbuka atau lelang jabatan untuk mengisi empat kursi kepala dinas yang kosong akibat pensiun dan mutasi pejabat sebelumnya.","Proses pendaftaran telah dibuka sejak 9 Maret hingga 27 Maret 2026.Empat jabatan yang dilelang tersebut meliputi Kepala Dinas Pekerjaan Umum dan Penataan Ruang (PUPR), Kepala Dinas Koperasi, UKM dan Tenaga Kerja, Kepala Dinas Pemberdayaan Masyarakat dan Desa, serta Sekretaris DPRD Kabupaten Tabanan.Bupati Tabanan, Komang Gede Sanjaya mengatakan pengisian jabatan dilakukan melalui mekanisme seleksi terbuka setelah terbentuk panitia seleksi (pansel). Menurutnya, proses tersebut juga harus melalui persetujuan dari pemerintah pusat dan provinsi.","Pada Hari Rabu , 11 Maret 2026 07:00, Tabanan, Tabanan, Bali

Bupati Tabanan, I Komang Gede Sanjaya. (BP/bit)SINGASANA, BALIPOST.com – Pemerintah Kabupaten Tabanan mulai membuka seleksi terbuka atau lelang jabatan untuk mengisi empat kursi kepala dinas yang kosong akibat pensiun dan mutasi pejabat sebelumnya. Proses pendaftaran telah dibuka sejak 9 Maret hingga 27 Maret 2026.Empat jabatan yang dilelang tersebut meliputi Kepala Dinas Pekerjaan Umum dan Penataan Ruang (PUPR), Kepala Dinas Koperasi, UKM dan Tenaga Kerja, Kepala Dinas Pemberdayaan Masyarakat dan Desa, serta Sekretaris DPRD Kabupaten Tabanan.Bupati Tabanan, Komang Gede Sanjaya mengatakan pengisian jabatan dilakukan melalui mekanisme seleksi terbuka setelah terbentuk panitia seleksi (pansel). Menurutnya, proses tersebut juga harus melalui persetujuan dari pemerintah pusat dan provinsi. “Pengisian jabatan yang kosong ini dilakukan berproses karena harus menunggu persetujuan dari BKN maupun Pemerintah Provinsi Bali,” ujarnya, Rabu (11/3).Sanjaya pun mengajak pejabat yang memenuhi syarat untuk ikut mendaftar dalam seleksi tersebut. Ia berharap proses lelang jabatan dapat berjalan lancar sehingga posisi yang kosong segera terisi. “Karena sekarang sudah berproses, saya rasa bulan depan (April) kekosongan pejabat sudah bisa terisi,” tegasnya.Sementara itu, Kepala BKPSDM Tabanan I Nyoman Sastra Wiguna menjelaskan bahwa pengumuman seleksi telah dipublikasikan melalui situs resmi BKPSDM. Bersamaan dengan pengumuman tersebut juga dibuka penerimaan berkas bagi calon pendaftar.Menurutnya, tahapan seleksi dimulai dari seleksi administrasi dan penilaian rekam jejak yang berlangsung 10–30 Maret 2026. Hasilnya akan diumumkan pada 30 Maret 2026.Selanjutnya peserta akan mengikuti assessment test pada 1 April, penulisan makalah 6 April, serta tes wawancara pada 7 April 2026. Hasil penilaian makalah dan wawancara diumumkan pada hari yang sama, disusul pengumuman hasil assessment pada 9 April. Pengumuman hasil akhir seleksi juga dijadwalkan pada 9 April 2026.Sastra menambahkan, masih ada beberapa jabatan lain di lingkungan Pemkab Tabanan yang kosong, namun belum bisa langsung dilelang karena masih menunggu persetujuan administrasi dari Badan Kepegawaian Negara (BKN). “Yang sudah mendapat persetujuan itu yang terlebih dahulu diproses untuk seleksi terbuka,” tegasnya. (Dewi Puspawati/balipost)",BALIPOST.com,"Dajan Peken, 82114, Tabanan, Tabanan, Bali, Indonesia",-8.536609490935,115.13552944186335,5,"2, 7","kejaksaan, kejatibali, kejaritabanan, tabanan, news"
Kejari Tabanan Lakukan Pemusnahan Barang Bukti Kasus Narkotika,2026-10-07T09:08:27.000Z,"Kabupaten Tabanan, Bali, Indonesia",Kejari Tabanan Lakukan Pemusnahan Barang Bukti Kasus Narkotika - BALIPOST.com,"Pemusnahan barang bukti di Kejari Tabanan, Rabu (7/10). (BP/istimewa)SINGASANA, BALIPOST.com – Kejaksaan Negeri Tabanan memusnahkan barang bukti dari 38 perkara tindak pidana umum yang telah berkekuatan hukum tetap (inkracht) pada Semester II Tahun 2026, Rabu (7/10).","Dari jumlah tersebut, 25 perkara atau sebagian besar merupakan kasus narkotika. Pemusnahan berlangsung di Kantor Kejaksaan Negeri Tabanan dan dihadiri Wakil Bupati Tabanan I Made Dirga yang mewakili Bupati Tabanan.Kegiatan tersebut turut disaksikan pelajar dan guru dari SMA Negeri 1 Kediri, SMP Negeri 1 Kediri, serta SMP Negeri 2 Tabanan.","Pada Hari Rabu , 7 Oktober 2026 09:08, Tabanan, Tabanan, Bali

Pemusnahan barang bukti di Kejari Tabanan, Rabu (7/10). (BP/istimewa)SINGASANA, BALIPOST.com – Kejaksaan Negeri Tabanan memusnahkan barang bukti dari 38 perkara tindak pidana umum yang telah berkekuatan hukum tetap (inkracht) pada Semester II Tahun 2026, Rabu (7/10). Dari jumlah tersebut, 25 perkara atau sebagian besar merupakan kasus narkotika. Pemusnahan berlangsung di Kantor Kejaksaan Negeri Tabanan dan dihadiri Wakil Bupati Tabanan I Made Dirga yang mewakili Bupati Tabanan.Kegiatan tersebut turut disaksikan pelajar dan guru dari SMA Negeri 1 Kediri, SMP Negeri 1 Kediri, serta SMP Negeri 2 Tabanan. Tujuannya, untuk memberikan edukasi langsung pada pelajar mengenai bahaya penyalahgunaan narkoba.Kepala Kejaksaan Negeri Tabanan Medie, S.H., M.H., menjelaskan, dari 38 perkara yang barang buktinya dimusnahkan, selain 25 perkara narkotika, terdapat 7 perkara pencurian, 3 perkara kesusilaan, 2 perkara penipuan/penggelapan, dan 1 perkara karantina hewan. Menurut Medie, pemusnahan barang bukti merupakan bagian dari pelaksanaan putusan pengadilan yang telah berkekuatan hukum tetap. Langkah tersebut sekaligus untuk mencegah barang bukti kembali disalahgunakan.“Pemusnahan barang bukti memiliki tujuan utama untuk memastikan barang rampasan atau bukti kejahatan dimusnahkan sehingga mengurangi terjadinya penyalahgunaan kembali, sehingga dapat mewujudkan akuntabilitas dan keterbukaan informasi kepada publik,” tegasnya.Pelibatan pelajar dalam kegiatan tersebut, lanjut Medie, menjadi bagian dari edukasi hukum sekaligus tindak lanjut program Jaksa Masuk Sekolah. Ia berharap sinergi antara Kejaksaan Negeri Tabanan dan Pemkab Tabanan terus diperkuat sehingga penerangan hukum dan edukasi bahaya narkotika dapat menjangkau lebih banyak generasi muda.Sementara itu Wabup Dirga yang juga Ketua BNK Tabanan mengingatkan para pelajar agar tidak mudah terpengaruh lingkungan maupun bujuk rayu untuk mencoba narkotika.Menurutnya, masa remaja merupakan fase dengan rasa ingin tahu yang tinggi sehingga diperlukan pemahaman dan keberanian untuk menolak segala bentuk penyalahgunaan narkoba. Ia juga meminta pelajar tidak menutup mata jika mengetahui adanya teman atau lingkungan yang terindikasi terlibat narkoba. Informasi tersebut, kata dia, dapat disampaikan kepada BNK Tabanan untuk ditindaklanjuti, termasuk melalui upaya rehabilitasi. “Kalau ada teman yang terindikasi terlibat narkoba, jangan didiamkan. Informasikan kepada BNK Tabanan karena kita juga memiliki upaya rehabilitasi,” ujarnya.Dirga menegaskan, pencegahan penyalahgunaan narkotika membutuhkan keterlibatan bersama antara pelajar, sekolah, pemerintah, BNK, dan aparat penegak hukum. Karena itu, BNK Tabanan bersama lembaga terkait terus melakukan sosialisasi ke sekolah-sekolah di seluruh Kabupaten Tabanan. “Kami mohon kerja samanya, jangan sampai memakai dan jangan ragu menginformasikan jika ada hal-hal yang berkaitan dengan narkoba. BNK Tabanan akan terus melakukan sosialisasi dan pencegahan di sekolah-sekolah di seluruh Tabanan,” katanya.(Puspawati/balipost)",BALIPOST.com,"Dajan Peken, 82114, Tabanan, Tabanan, Bali, Indonesia",-8.536609490935,115.13552944186335,5,"2, 7","kejaksaan, kejatibali, kejaritabanan, tabanan, news"
Tabanan Arsip Page 598 of 602,2026-09-21T15:21:40.000Z,"Kabupaten Tabanan, Bali, Indonesia",Tabanan Arsip | Page 598 of 602 - BALIPOST.com,"Tenaga Kontrak Pemkab Tabanan Diikutsertakan JKNTabanan Kamis, 23 Maret 2017 | 19:12:12 TABANAN, BALIPOST.com – Tabanan memiliki tenaga kontrak sekitar 3.000 orang. Sesuai peraturan setiap tenaga kerja harus memiliki Jaminan Kesehatan Nasional (JKN) yang preminya ditanggung...Jelang Nyepi, Gencar Razia Arak dan MirasTabanan Kamis, 23 Maret 2017 | 18:25:04 TABANAN, BALIPOST.com – Perayaan hari raya Nyepi hanya tinggal hitungan hari saja, himbauan untuk menjaga kondusifitas kamtibmas juga sudah mulai diserukan jajaran kepolisian.","Bahkan...Sampel Pasien MSS Dikirim Ke SingapuraTabanan Rabu, 22 Maret 2017 | 18:59:41 TABANAN, BALIPOST.com – Hampir dua minggu sampel dua pasien suspect MSS yang mendapatkan perawatan di BRSU Tabanan diperiksa. Hasilnya, petugas belum bisa membaca secara...Astra Motor Bali Gelar Kompetisi RegionalTabanan Selasa, 21 Maret 2017 | 19:51:13 UNTUK mempersiapkan calon Advisor Safety Riding dikalangan komunitas Honda, Astra Motor Bali kembali menggelar kompetisi Regional Safety Riding untuk Advisor Community yang diikuti oleh....","Pada Hari Senin , 21 September 2026 15:21, Tabanan, Tabanan, Bali

Tenaga Kontrak Pemkab Tabanan Diikutsertakan JKNTabanan Kamis, 23 Maret 2017 | 19:12:12 TABANAN, BALIPOST.com – Tabanan memiliki tenaga kontrak sekitar 3.000 orang. Sesuai peraturan setiap tenaga kerja harus memiliki Jaminan Kesehatan Nasional (JKN) yang preminya ditanggung...Jelang Nyepi, Gencar Razia Arak dan MirasTabanan Kamis, 23 Maret 2017 | 18:25:04 TABANAN, BALIPOST.com – Perayaan hari raya Nyepi hanya tinggal hitungan hari saja, himbauan untuk menjaga kondusifitas kamtibmas juga sudah mulai diserukan jajaran kepolisian. Bahkan...Sampel Pasien MSS Dikirim Ke SingapuraTabanan Rabu, 22 Maret 2017 | 18:59:41 TABANAN, BALIPOST.com – Hampir dua minggu sampel dua pasien suspect MSS yang mendapatkan perawatan di BRSU Tabanan diperiksa. Hasilnya, petugas belum bisa membaca secara...Astra Motor Bali Gelar Kompetisi RegionalTabanan Selasa, 21 Maret 2017 | 19:51:13 UNTUK mempersiapkan calon Advisor Safety Riding dikalangan komunitas Honda, Astra Motor Bali kembali menggelar kompetisi Regional Safety Riding untuk Advisor Community yang diikuti oleh...",BALIPOST.com,"Dajan Peken, 82114, Tabanan, Tabanan, Bali, Indonesia",-8.536609490935,115.13552944186335,5,"2, 7","kejaksaan, kejatibali, kejaritabanan, tabanan, news"
Tabanan Arsip Page 151 of 594,2020-09-11T15:09:34.000Z,"Kabupaten Tabanan, Bali, Indonesia",Tabanan Arsip | Page 151 of 594 - BALIPOST.com,"OPD di Tabanan Mulai Bangun Teba ModernTabanan Rabu, 4 Juni 2025 | 18:15:04 TABANAN, BALIPOST.com - Sejumlah Organisasi Perangkat Daerah (OPD) di lingkungan Pemerintah Kabupaten Tabanan mulai membangun teba modern sebagai langkah nyata mendukung Gerakan Bali Bersih...Yustisi Gabungan di Tabanan Sasar Kost-kostanTabanan Minggu, 1 Juni 2025 | 18:24:46 TABANAN, BALIPOST.com - Untuk menjaga keamanan dan ketertiban masyarakat, Polres Tabanan menggelar operasi yustisi gabungan dengan menyasar sejumlah tempat kost yang dihuni pendatang, Jumat....",,"Pada Hari Jumat , 11 September 2020 15:09, Tabanan, Tabanan, Bali

OPD di Tabanan Mulai Bangun Teba ModernTabanan Rabu, 4 Juni 2025 | 18:15:04 TABANAN, BALIPOST.com - Sejumlah Organisasi Perangkat Daerah (OPD) di lingkungan Pemerintah Kabupaten Tabanan mulai membangun teba modern sebagai langkah nyata mendukung Gerakan Bali Bersih...Yustisi Gabungan di Tabanan Sasar Kost-kostanTabanan Minggu, 1 Juni 2025 | 18:24:46 TABANAN, BALIPOST.com - Untuk menjaga keamanan dan ketertiban masyarakat, Polres Tabanan menggelar operasi yustisi gabungan dengan menyasar sejumlah tempat kost yang dihuni pendatang, Jumat...",BALIPOST.com,"Dajan Peken, 82114, Tabanan, Tabanan, Bali, Indonesia",-8.536609490935,115.13552944186335,5,"2, 7","kejaksaan, kejatibali, kejaritabanan, tabanan, news"
Tabanan Arsip Page 530 of 575,2026-02-08T13:38:27.000Z,"Kabupaten Tabanan, Bali, Indonesia",Tabanan Arsip | Page 530 of 575 - BALIPOST.com,"Target 2019 Sudah Ada 133 BUMDes Tabanan Rabu, 4 April 2018 | 17:37:03 TABANAN, BALIPOST.com – Badan Usaha Milik Desa (BUMDes) diproyeksikan muncul sebagai kekuatan ekonomi baru di wilayah perdesaan. Dengan adanya UU No 6 tahun 2014...Capaian RAT Koperasi Hanya 53 persenTabanan Rabu, 4 April 2018 | 15:51:35 TABANAN, BALIPOST.com – Dinas Koperasi dan UKM Tabanan memberikan batas waktu penyelenggaraan Rapat Anggota Tahunan (RAT) hingga bulan Maret untuk koperasi primer.","Dan setelah...Satpol PP Sidak Pedagang Kaki LimaTabanan Selasa, 3 April 2018 | 17:45:41 TABANAN, BALIPOST.com – Adanya keluhan masyarakat terhadap pedagang kaki lima yang dianggap menganggu ketertiban karena berdagang di badan jalan dan trotoar ditanggapi SatPol PP Tabanan...Panen Raya, Harga Beras Masih Lampaui HETTabanan Selasa, 3 April 2018 | 11:28:45 TABANAN, BALIPOST.com - Meski memasuki musim panen raya, harga beras di Tabanan maupun Bali pada umumnya tidak menunjukkan tanda-tanda mendekati harga HET (Harga Eceran...Dishub Tabanan Pasang Mesin E-ParkirTabanan Selasa, 3 April 2018 | 11:12:40 TABANAN, BALIPOST.com - Setelah lama dinanti, akhirnya program terobosan yang digagas Dinas Perhubungan Kabupaten Tabanan berupa parkir elektronik (e-parkir) dalam waktu dekat ini sudah...Permintaan Ekspor Manggis Alami PeningkatanTabanan Senin, 2 April 2018 | 15:57:18 TABANAN, BALIPOST.com – Setelah sempat melesu, saat ini permintaan manggis di pasar ekspor mengalami peningkatan. Hal ini seiring dengan pelemahan nilai rupiah terhadap dolar AS....","Pada Hari Minggu , 8 Februari 2026 13:38, Tabanan, Tabanan, Bali

Target 2019 Sudah Ada 133 BUMDes Tabanan Rabu, 4 April 2018 | 17:37:03 TABANAN, BALIPOST.com – Badan Usaha Milik Desa (BUMDes) diproyeksikan muncul sebagai kekuatan ekonomi baru di wilayah perdesaan. Dengan adanya UU No 6 tahun 2014...Capaian RAT Koperasi Hanya 53 persenTabanan Rabu, 4 April 2018 | 15:51:35 TABANAN, BALIPOST.com – Dinas Koperasi dan UKM Tabanan memberikan batas waktu penyelenggaraan Rapat Anggota Tahunan (RAT) hingga bulan Maret untuk koperasi primer. Dan setelah...Satpol PP Sidak Pedagang Kaki LimaTabanan Selasa, 3 April 2018 | 17:45:41 TABANAN, BALIPOST.com – Adanya keluhan masyarakat terhadap pedagang kaki lima yang dianggap menganggu ketertiban karena berdagang di badan jalan dan trotoar ditanggapi SatPol PP Tabanan...Panen Raya, Harga Beras Masih Lampaui HETTabanan Selasa, 3 April 2018 | 11:28:45 TABANAN, BALIPOST.com - Meski memasuki musim panen raya, harga beras di Tabanan maupun Bali pada umumnya tidak menunjukkan tanda-tanda mendekati harga HET (Harga Eceran...Dishub Tabanan Pasang Mesin E-ParkirTabanan Selasa, 3 April 2018 | 11:12:40 TABANAN, BALIPOST.com - Setelah lama dinanti, akhirnya program terobosan yang digagas Dinas Perhubungan Kabupaten Tabanan berupa parkir elektronik (e-parkir) dalam waktu dekat ini sudah...Permintaan Ekspor Manggis Alami PeningkatanTabanan Senin, 2 April 2018 | 15:57:18 TABANAN, BALIPOST.com – Setelah sempat melesu, saat ini permintaan manggis di pasar ekspor mengalami peningkatan. Hal ini seiring dengan pelemahan nilai rupiah terhadap dolar AS...",BALIPOST.com,"Dajan Peken, 82114, Tabanan, Tabanan, Bali, Indonesia",-8.536609490935,115.13552944186335,5,"2, 7","kejaksaan, kejatibali, kejaritabanan, tabanan, news"
